"Species_ID","English_name","French_name","Scientific_name","Landcover","D_estimate","D_lower","D_upper","Unit"
"ALFL","Alder Flycatcher","Moucherolle des aulnes","Empidonax alnorum","Conif",0.143911089096548,0.131390422380197,0.161416866719091,"males per ha"
"ALFL","Alder Flycatcher","Moucherolle des aulnes","Empidonax alnorum","Decid",0.131279950544923,0.112874174305071,0.155095819677835,"males per ha"
"ALFL","Alder Flycatcher","Moucherolle des aulnes","Empidonax alnorum","Grass",1.41966517324194e-05,1.18269168726809e-05,1.62028087556882e-05,"males per ha"
"ALFL","Alder Flycatcher","Moucherolle des aulnes","Empidonax alnorum","Mixed",0.151412977535564,0.135038358332581,0.171108765271418,"males per ha"
"ALFL","Alder Flycatcher","Moucherolle des aulnes","Empidonax alnorum","Wet",0.179786545199941,0.161626563630709,0.19380936096805,"males per ha"
"AMCR","American Crow","Corneille d'Am&eacute;rique","Corvus brachyrhynchos","Conif",0.0200210721566465,0.0180851630716809,0.0222003809729766,"males per ha"
"AMCR","American Crow","Corneille d'Am&eacute;rique","Corvus brachyrhynchos","Decid",0.00880439786998984,0.00656767265092743,0.0109385964931532,"males per ha"
"AMCR","American Crow","Corneille d'Am&eacute;rique","Corvus brachyrhynchos","Grass",3.73852907510172e-06,2.75876449857428e-06,4.46758824855992e-06,"males per ha"
"AMCR","American Crow","Corneille d'Am&eacute;rique","Corvus brachyrhynchos","Mixed",0.0152220048916912,0.0116675267473693,0.017174145199863,"males per ha"
"AMCR","American Crow","Corneille d'Am&eacute;rique","Corvus brachyrhynchos","Wet",0.026759571381161,0.024880473098696,0.029407556309372,"males per ha"
"AMGO","American Goldfinch","Chardonneret jaune","Spinus tristis","Conif",0.0264203079714087,0.0226229675803773,0.0321564444590394,"males per ha"
"AMGO","American Goldfinch","Chardonneret jaune","Spinus tristis","Decid",0.00148582942286133,0.000330013082747175,0.00369379151940716,"males per ha"
"AMGO","American Goldfinch","Chardonneret jaune","Spinus tristis","Grass",8.37944639302264e-06,6.41842938319046e-06,1.15141898248214e-05,"males per ha"
"AMGO","American Goldfinch","Chardonneret jaune","Spinus tristis","Mixed",0.0136603955108446,0.00881133265703387,0.0194188535988222,"males per ha"
"AMGO","American Goldfinch","Chardonneret jaune","Spinus tristis","Wet",0.0421301873034768,0.0354872502347584,0.0493854086827072,"males per ha"
"AMPI","American Pipit","Pipit d'Am&eacute;rique","Anthus rubescens","Conif",5.24036037303311e-08,3.08768758219879e-12,2.18270220478044e-07,"males per ha"
"AMPI","American Pipit","Pipit d'Am&eacute;rique","Anthus rubescens","Decid",4.91434428334104e-08,5.43733894134855e-12,2.99534370226759e-07,"males per ha"
"AMPI","American Pipit","Pipit d'Am&eacute;rique","Anthus rubescens","Grass",4.55812385205018e-17,0,2.72421372255384e-16,"males per ha"
"AMPI","American Pipit","Pipit d'Am&eacute;rique","Anthus rubescens","Mixed",3.08738558445149e-08,4.79711958261483e-12,1.21009194418274e-07,"males per ha"
"AMPI","American Pipit","Pipit d'Am&eacute;rique","Anthus rubescens","Wet",6.14139901025221e-09,9.01951097687706e-13,3.27658153802796e-08,"males per ha"
"AMRE","American Redstart","Paruline flamboyante","Setophaga ruticilla","Conif",0.0954115930491035,0.088035079463298,0.103131238254614,"males per ha"
"AMRE","American Redstart","Paruline flamboyante","Setophaga ruticilla","Decid",0.0363860833171827,0.027614618143332,0.045898043039557,"males per ha"
"AMRE","American Redstart","Paruline flamboyante","Setophaga ruticilla","Grass",1.10255083824837e-05,9.31998564651206e-06,1.25856876668222e-05,"males per ha"
"AMRE","American Redstart","Paruline flamboyante","Setophaga ruticilla","Mixed",0.0701633419376282,0.0606465098001444,0.079458255916462,"males per ha"
"AMRE","American Redstart","Paruline flamboyante","Setophaga ruticilla","Wet",0.127701886667953,0.115986753381615,0.136257007303973,"males per ha"
"AMRO","American Robin","Merle d'Am&eacute;rique","Turdus migratorius","Conif",0.173019639300298,0.157643979797364,0.190994125164253,"males per ha"
"AMRO","American Robin","Merle d'Am&eacute;rique","Turdus migratorius","Decid",0.178615017857015,0.161313783696305,0.20786727421714,"males per ha"
"AMRO","American Robin","Merle d'Am&eacute;rique","Turdus migratorius","Grass",1.51977366146665e-05,1.2983776627435e-05,1.74777320255308e-05,"males per ha"
"AMRO","American Robin","Merle d'Am&eacute;rique","Turdus migratorius","Mixed",0.165686836491832,0.142572469845283,0.188622669650541,"males per ha"
"AMRO","American Robin","Merle d'Am&eacute;rique","Turdus migratorius","Wet",0.189564917036314,0.173739643370689,0.210583271540182,"males per ha"
"ATSP","American Tree Sparrow","Bruant hudsonien","Spizella arborea","Conif",0.000407004621048809,3.00970093892274e-07,0.00192973926996196,"males per ha"
"ATSP","American Tree Sparrow","Bruant hudsonien","Spizella arborea","Decid",0.00187034446500516,8.96421230785491e-07,0.00963696793232269,"males per ha"
"ATSP","American Tree Sparrow","Bruant hudsonien","Spizella arborea","Grass",1.41068361418063e-09,0,3.21637771590658e-09,"males per ha"
"ATSP","American Tree Sparrow","Bruant hudsonien","Spizella arborea","Mixed",0.00040071698728888,4.75314973959592e-07,0.00164324775549097,"males per ha"
"ATSP","American Tree Sparrow","Bruant hudsonien","Spizella arborea","Wet",7.49902898476934e-05,1.06725626938421e-09,0.00036088077922247,"males per ha"
"ATTW","American Three-toed Woodpecker","Pic &agrave; dos ray&eacute;","Picoides dorsalis","Conif",0.000333731318737617,2.02963269027962e-06,0.00139808425973982,"males per ha"
"ATTW","American Three-toed Woodpecker","Pic &agrave; dos ray&eacute;","Picoides dorsalis","Decid",0.000753450914482674,4.34942598933187e-07,0.00333536483433573,"males per ha"
"ATTW","American Three-toed Woodpecker","Pic &agrave; dos ray&eacute;","Picoides dorsalis","Grass",5.76248715092993e-09,1.60636456395072e-16,3.50634816831241e-08,"males per ha"
"ATTW","American Three-toed Woodpecker","Pic &agrave; dos ray&eacute;","Picoides dorsalis","Mixed",0.000440369169672701,6.94144593774472e-07,0.00220969421659262,"males per ha"
"ATTW","American Three-toed Woodpecker","Pic &agrave; dos ray&eacute;","Picoides dorsalis","Wet",0.000147347795579325,6.18969526184717e-07,0.00065646011548198,"males per ha"
"BANS","Bank Swallow","Hirondelle de rivage","Riparia riparia","Conif",0.000270315393462795,7.07512853457689e-05,0.000538307636610656,"males per ha"
"BANS","Bank Swallow","Hirondelle de rivage","Riparia riparia","Decid",0.000455935177211165,0.000121559649955966,0.000921398005930153,"males per ha"
"BANS","Bank Swallow","Hirondelle de rivage","Riparia riparia","Grass",7.12236334415001e-09,8.42882141269905e-13,3.22441241624114e-08,"males per ha"
"BANS","Bank Swallow","Hirondelle de rivage","Riparia riparia","Mixed",0.000368922144547246,9.30383002818518e-05,0.000759794691741788,"males per ha"
"BANS","Bank Swallow","Hirondelle de rivage","Riparia riparia","Wet",0.000138797485351839,2.3182658385584e-05,0.000348115833855212,"males per ha"
"BAOR","Baltimore Oriole","Oriole de Baltimore","Icterus galbula","Conif",0.000145018042229891,1.42362982569013e-06,0.000352854355250381,"males per ha"
"BAOR","Baltimore Oriole","Oriole de Baltimore","Icterus galbula","Decid",4.67378352803973e-06,5.24016139005172e-09,1.23292285474544e-05,"males per ha"
"BAOR","Baltimore Oriole","Oriole de Baltimore","Icterus galbula","Grass",1.71093110708814e-08,4.40648055433766e-11,4.36178539019342e-08,"males per ha"
"BAOR","Baltimore Oriole","Oriole de Baltimore","Icterus galbula","Mixed",7.12076173097407e-05,7.74609244267658e-07,0.000178671049059922,"males per ha"
"BAOR","Baltimore Oriole","Oriole de Baltimore","Icterus galbula","Wet",0.000203613788787682,1.43911579142301e-06,0.000497448565106741,"males per ha"
"BARS","Barn Swallow","Hirondelle rustique","Hirundo rustica","Conif",0.00802183335809514,0.00604573806641084,0.0107469605727759,"males per ha"
"BARS","Barn Swallow","Hirondelle rustique","Hirundo rustica","Decid",0.002124936651537,0.000230153033756442,0.00464606125623758,"males per ha"
"BARS","Barn Swallow","Hirondelle rustique","Hirundo rustica","Grass",1.10354159016073e-06,7.5959341547926e-07,1.53945883874647e-06,"males per ha"
"BARS","Barn Swallow","Hirondelle rustique","Hirundo rustica","Mixed",0.0050306327336895,0.00296057466505552,0.00735562165998037,"males per ha"
"BARS","Barn Swallow","Hirondelle rustique","Hirundo rustica","Wet",0.0133608517863163,0.00901190419538784,0.0201694098978426,"males per ha"
"BAWW","Black-and-white Warbler","Paruline noir et blanc","Mniotilta varia","Conif",0.0654015231823963,0.0580131258573145,0.0714993308163693,"males per ha"
"BAWW","Black-and-white Warbler","Paruline noir et blanc","Mniotilta varia","Decid",0.0259932648328817,0.0192550622240321,0.0340140775637512,"males per ha"
"BAWW","Black-and-white Warbler","Paruline noir et blanc","Mniotilta varia","Grass",6.08742683071114e-06,5.34540860380604e-06,6.75344462964422e-06,"males per ha"
"BAWW","Black-and-white Warbler","Paruline noir et blanc","Mniotilta varia","Mixed",0.0486895046338295,0.0408288984541793,0.0556107099552484,"males per ha"
"BAWW","Black-and-white Warbler","Paruline noir et blanc","Mniotilta varia","Wet",0.0826874457778907,0.0721785918348866,0.0919379479749951,"males per ha"
"BBCU","Black-billed Cuckoo","Coulicou &agrave; bec noir","Coccyzus erythropthalmus","Conif",0.0017525165189426,0.00140084754821504,0.00212616434640557,"males per ha"
"BBCU","Black-billed Cuckoo","Coulicou &agrave; bec noir","Coccyzus erythropthalmus","Decid",7.72858400929215e-05,1.6508702018902e-05,0.000191452231279461,"males per ha"
"BBCU","Black-billed Cuckoo","Coulicou &agrave; bec noir","Coccyzus erythropthalmus","Grass",5.0720102940888e-07,2.75324985093595e-07,7.07183405603341e-07,"males per ha"
"BBCU","Black-billed Cuckoo","Coulicou &agrave; bec noir","Coccyzus erythropthalmus","Mixed",0.000916768480529969,0.000482169543365313,0.00117711931013851,"males per ha"
"BBCU","Black-billed Cuckoo","Coulicou &agrave; bec noir","Coccyzus erythropthalmus","Wet",0.00279334498639422,0.00216214602869076,0.00339024682424587,"males per ha"
"BBWA","Bay-breasted Warbler","Paruline &agrave; poitrine baie","Setophaga castanea","Conif",0.0651921601265278,0.0558276549208816,0.0758603143815451,"males per ha"
"BBWA","Bay-breasted Warbler","Paruline &agrave; poitrine baie","Setophaga castanea","Decid",0.0356725869951252,0.0246622817546525,0.0460638534943931,"males per ha"
"BBWA","Bay-breasted Warbler","Paruline &agrave; poitrine baie","Setophaga castanea","Grass",4.7632408593395e-06,4.09013221443465e-06,5.81933444930503e-06,"males per ha"
"BBWA","Bay-breasted Warbler","Paruline &agrave; poitrine baie","Setophaga castanea","Mixed",0.0459832580504624,0.0354488673381558,0.0567749818032346,"males per ha"
"BBWA","Bay-breasted Warbler","Paruline &agrave; poitrine baie","Setophaga castanea","Wet",0.0700901663299777,0.0597080959160199,0.0838563714427657,"males per ha"
"BBWO","Black-backed Woodpecker","Pic &agrave; dos noir","Picoides arcticus","Conif",0.00840400181744237,0.00633994630697924,0.0104636827108925,"males per ha"
"BBWO","Black-backed Woodpecker","Pic &agrave; dos noir","Picoides arcticus","Decid",0.0105944404508089,0.00726575486437341,0.014061223078256,"males per ha"
"BBWO","Black-backed Woodpecker","Pic &agrave; dos noir","Picoides arcticus","Grass",3.70663973045282e-07,2.56337757310616e-07,5.32994424559047e-07,"males per ha"
"BBWO","Black-backed Woodpecker","Pic &agrave; dos noir","Picoides arcticus","Mixed",0.00930754380553593,0.00684111681489083,0.0118621648153298,"males per ha"
"BBWO","Black-backed Woodpecker","Pic &agrave; dos noir","Picoides arcticus","Wet",0.00672069716034394,0.00456594133855698,0.00905299057633988,"males per ha"
"BCCH","Black-capped Chickadee","M&eacute;sange &agrave; t&ecirc;te noire","Poecile atricapillus","Conif",0.0560520992156904,0.0499287316312343,0.0645344610412751,"males per ha"
"BCCH","Black-capped Chickadee","M&eacute;sange &agrave; t&ecirc;te noire","Poecile atricapillus","Decid",0.0158941790839718,0.00700582933694736,0.0223693858788104,"males per ha"
"BCCH","Black-capped Chickadee","M&eacute;sange &agrave; t&ecirc;te noire","Poecile atricapillus","Grass",6.04948962868821e-06,5.63046968124157e-06,6.72154722508839e-06,"males per ha"
"BCCH","Black-capped Chickadee","M&eacute;sange &agrave; t&ecirc;te noire","Poecile atricapillus","Mixed",0.0344452389377167,0.0250136439516766,0.0438176628484878,"males per ha"
"BCCH","Black-capped Chickadee","M&eacute;sange &agrave; t&ecirc;te noire","Poecile atricapillus","Wet",0.0764817928979507,0.0701247298469868,0.083548932125171,"males per ha"
"BEKI","Belted Kingfisher","Martin-p&ecirc;cheur d'Am&eacute;rique","Megaceryle alcyon","Conif",0.0039330950203018,0.00300914856815742,0.00532551124704453,"males per ha"
"BEKI","Belted Kingfisher","Martin-p&ecirc;cheur d'Am&eacute;rique","Megaceryle alcyon","Decid",0.000391655190593635,5.03180803573953e-05,0.00115202697168289,"males per ha"
"BEKI","Belted Kingfisher","Martin-p&ecirc;cheur d'Am&eacute;rique","Megaceryle alcyon","Grass",4.988250721113e-07,3.89984462088399e-07,6.55008543316797e-07,"males per ha"
"BEKI","Belted Kingfisher","Martin-p&ecirc;cheur d'Am&eacute;rique","Megaceryle alcyon","Mixed",0.00201840524355314,0.00117413433034439,0.00330764075738324,"males per ha"
"BEKI","Belted Kingfisher","Martin-p&ecirc;cheur d'Am&eacute;rique","Megaceryle alcyon","Wet",0.0060985480516151,0.00480680858880162,0.00817820529796385,"males per ha"
"BHCO","Brown-headed Cowbird","Vacher &agrave; t&ecirc;te brune","Molothrus ater","Conif",0.00351181046688685,0.00219289962718694,0.00494766000675138,"males per ha"
"BHCO","Brown-headed Cowbird","Vacher &agrave; t&ecirc;te brune","Molothrus ater","Decid",0.000122059250082688,3.23518190651527e-05,0.000339223486111106,"males per ha"
"BHCO","Brown-headed Cowbird","Vacher &agrave; t&ecirc;te brune","Molothrus ater","Grass",4.76626670964738e-07,2.58637942778514e-07,7.11385445886523e-07,"males per ha"
"BHCO","Brown-headed Cowbird","Vacher &agrave; t&ecirc;te brune","Molothrus ater","Mixed",0.00170351023179377,0.000972039870086295,0.00251710682954765,"males per ha"
"BHCO","Brown-headed Cowbird","Vacher &agrave; t&ecirc;te brune","Molothrus ater","Wet",0.0055305152367453,0.00347961429962275,0.00786938699056185,"males per ha"
"BHVI","Blue-headed Vireo","Vir&eacute;o &agrave; t&ecirc;te bleue","Vireo solitarius","Conif",0.0419347775337323,0.0362560997559834,0.0469771586356028,"males per ha"
"BHVI","Blue-headed Vireo","Vir&eacute;o &agrave; t&ecirc;te bleue","Vireo solitarius","Decid",0.0147795242653072,0.00994049192513281,0.020638732006546,"males per ha"
"BHVI","Blue-headed Vireo","Vir&eacute;o &agrave; t&ecirc;te bleue","Vireo solitarius","Grass",3.38422298336927e-06,2.80935196182292e-06,3.91234970497893e-06,"males per ha"
"BHVI","Blue-headed Vireo","Vir&eacute;o &agrave; t&ecirc;te bleue","Vireo solitarius","Mixed",0.0244755785679294,0.0184963651129137,0.0303526699668813,"males per ha"
"BHVI","Blue-headed Vireo","Vir&eacute;o &agrave; t&ecirc;te bleue","Vireo solitarius","Wet",0.0487349879425046,0.0434599414015867,0.0556728245782875,"males per ha"
"BLBW","Blackburnian Warbler","Paruline &agrave; gorge orang&eacute;e","Setophaga fusca","Conif",0.032610632661354,0.0270376653304924,0.0398068490749225,"males per ha"
"BLBW","Blackburnian Warbler","Paruline &agrave; gorge orang&eacute;e","Setophaga fusca","Decid",0.00125285314155646,0.000288414621403293,0.00327320824395668,"males per ha"
"BLBW","Blackburnian Warbler","Paruline &agrave; gorge orang&eacute;e","Setophaga fusca","Grass",4.03164647843193e-06,3.58066604726217e-06,4.7525996844733e-06,"males per ha"
"BLBW","Blackburnian Warbler","Paruline &agrave; gorge orang&eacute;e","Setophaga fusca","Mixed",0.0144471323138119,0.00762613570793066,0.0212183190488593,"males per ha"
"BLBW","Blackburnian Warbler","Paruline &agrave; gorge orang&eacute;e","Setophaga fusca","Wet",0.0496652588465366,0.0426817386909716,0.0585075695581676,"males per ha"
"BLJA","Blue Jay","Geai bleu","Cyanocitta cristata","Conif",0.0107583700292322,0.00903243477668451,0.013211053441508,"males per ha"
"BLJA","Blue Jay","Geai bleu","Cyanocitta cristata","Decid",0.000317531363269049,9.98457227190891e-05,0.000922261836865708,"males per ha"
"BLJA","Blue Jay","Geai bleu","Cyanocitta cristata","Grass",1.4032875203856e-06,1.03828238334724e-06,1.605571752053e-06,"males per ha"
"BLJA","Blue Jay","Geai bleu","Cyanocitta cristata","Mixed",0.00494695768543011,0.00325147116816753,0.00684831043152494,"males per ha"
"BLJA","Blue Jay","Geai bleu","Cyanocitta cristata","Wet",0.0171816093544469,0.0150300385807551,0.020942222730838,"males per ha"
"BLPW","Blackpoll Warbler","Paruline ray&eacute;e","Setophaga striata","Conif",0.0386571705324472,0.0237208817917043,0.0501743264624405,"males per ha"
"BLPW","Blackpoll Warbler","Paruline ray&eacute;e","Setophaga striata","Decid",0.102162079283461,0.0677739599876346,0.136284982704637,"males per ha"
"BLPW","Blackpoll Warbler","Paruline ray&eacute;e","Setophaga striata","Grass",5.26021042396877e-08,2.45108674401419e-10,1.6755497100477e-07,"males per ha"
"BLPW","Blackpoll Warbler","Paruline ray&eacute;e","Setophaga striata","Mixed",0.0499683257004946,0.0291542851738545,0.069628084973182,"males per ha"
"BLPW","Blackpoll Warbler","Paruline ray&eacute;e","Setophaga striata","Wet",0.00996761542797395,0.00427648113642854,0.0140401277742354,"males per ha"
"BOBO","Bobolink","Goglu des pr&eacute;s","Dolichonyx oryzivorus","Conif",0.00611284471438723,0.00462561951772927,0.00828032466004506,"males per ha"
"BOBO","Bobolink","Goglu des pr&eacute;s","Dolichonyx oryzivorus","Decid",0.000261341984953879,6.74577150600275e-05,0.000625422281914765,"males per ha"
"BOBO","Bobolink","Goglu des pr&eacute;s","Dolichonyx oryzivorus","Grass",1.00453398517499e-06,7.70143211798302e-07,1.28265751628038e-06,"males per ha"
"BOBO","Bobolink","Goglu des pr&eacute;s","Dolichonyx oryzivorus","Mixed",0.00317696128463964,0.00195233643983774,0.00484959852044404,"males per ha"
"BOBO","Bobolink","Goglu des pr&eacute;s","Dolichonyx oryzivorus","Wet",0.0097354947954151,0.00708309354798421,0.0128675343843841,"males per ha"
"BOCH","Boreal Chickadee","M&eacute;sange &agrave; t&ecirc;te brune","Poecile hudsonicus","Conif",0.0627898615814673,0.0481308780629164,0.0786227497481365,"males per ha"
"BOCH","Boreal Chickadee","M&eacute;sange &agrave; t&ecirc;te brune","Poecile hudsonicus","Decid",0.0843617880141349,0.0572560646692629,0.112186072905217,"males per ha"
"BOCH","Boreal Chickadee","M&eacute;sange &agrave; t&ecirc;te brune","Poecile hudsonicus","Grass",2.50673110638246e-06,1.67944508944375e-06,3.40203554847299e-06,"males per ha"
"BOCH","Boreal Chickadee","M&eacute;sange &agrave; t&ecirc;te brune","Poecile hudsonicus","Mixed",0.0724188541467317,0.0511040430908798,0.094728534057591,"males per ha"
"BOCH","Boreal Chickadee","M&eacute;sange &agrave; t&ecirc;te brune","Poecile hudsonicus","Wet",0.0462187912834938,0.0377816498356099,0.0563302819371628,"males per ha"
"BOWA","Bohemian Waxwing","Jaseur bor&eacute;al","Bombycilla garrulus","Conif",0.00442242221908455,0,0.00938360037846379,"males per ha"
"BOWA","Bohemian Waxwing","Jaseur bor&eacute;al","Bombycilla garrulus","Decid",0.00880856693140134,0,0.0177262016232789,"males per ha"
"BOWA","Bohemian Waxwing","Jaseur bor&eacute;al","Bombycilla garrulus","Grass",4.72347557834134e-09,0,0,"males per ha"
"BOWA","Bohemian Waxwing","Jaseur bor&eacute;al","Bombycilla garrulus","Mixed",0.00664951067290421,0,0.0142469482050759,"males per ha"
"BOWA","Bohemian Waxwing","Jaseur bor&eacute;al","Bombycilla garrulus","Wet",0.00169379859080648,0,0.00362385516098246,"males per ha"
"BRCR","Brown Creeper","Grimpereau brun","Certhia americana","Conif",0.0292146204392249,0.0230674997506758,0.0366459557195351,"males per ha"
"BRCR","Brown Creeper","Grimpereau brun","Certhia americana","Decid",0.00777709537643144,0.00081448451855081,0.0231647814821846,"males per ha"
"BRCR","Brown Creeper","Grimpereau brun","Certhia americana","Grass",2.91332789488676e-06,2.41296612272622e-06,3.38210099550893e-06,"males per ha"
"BRCR","Brown Creeper","Grimpereau brun","Certhia americana","Mixed",0.0167539182896113,0.0102896655058532,0.0274451506105692,"males per ha"
"BRCR","Brown Creeper","Grimpereau brun","Certhia americana","Wet",0.0378160132959524,0.0316447775094236,0.042314902222025,"males per ha"
"BRTH","Brown Thrasher","Moqueur roux","Toxostoma rufum","Conif",7.44424630607258e-05,5.02521122534537e-07,0.00023535199199426,"males per ha"
"BRTH","Brown Thrasher","Moqueur roux","Toxostoma rufum","Decid",5.15176976096693e-05,3.80644282458844e-09,0.000289234044760274,"males per ha"
"BRTH","Brown Thrasher","Moqueur roux","Toxostoma rufum","Grass",5.64772833234612e-09,1.73153746779567e-11,2.35977293559314e-08,"males per ha"
"BRTH","Brown Thrasher","Moqueur roux","Toxostoma rufum","Mixed",6.52083022319822e-05,1.84055699580975e-07,0.000263846490135599,"males per ha"
"BRTH","Brown Thrasher","Moqueur roux","Toxostoma rufum","Wet",8.0983139824663e-05,4.88970155820231e-07,0.000309278409678332,"males per ha"
"BTBW","Black-throated Blue Warbler","Paruline bleue","Setophaga caerulescens","Conif",0.00668426335900078,0.00534211594815516,0.00841612337755705,"males per ha"
"BTBW","Black-throated Blue Warbler","Paruline bleue","Setophaga caerulescens","Decid",0.000716276715292417,6.92417045060317e-05,0.00186544613591595,"males per ha"
"BTBW","Black-throated Blue Warbler","Paruline bleue","Setophaga caerulescens","Grass",8.32681479681027e-07,5.52999508359077e-07,1.05139390878371e-06,"males per ha"
"BTBW","Black-throated Blue Warbler","Paruline bleue","Setophaga caerulescens","Mixed",0.0035280693663651,0.00222084745119533,0.00517431134104538,"males per ha"
"BTBW","Black-throated Blue Warbler","Paruline bleue","Setophaga caerulescens","Wet",0.0103244592497673,0.00826021354746564,0.0127063162282629,"males per ha"
"BTNW","Black-throated Green Warbler","Paruline &agrave; gorge noire","Setophaga virens","Conif",0.0206336363263564,0.0170820931408868,0.0231046210648344,"males per ha"
"BTNW","Black-throated Green Warbler","Paruline &agrave; gorge noire","Setophaga virens","Decid",0.00791337179823588,0.00401465150449184,0.0109365042303192,"males per ha"
"BTNW","Black-throated Green Warbler","Paruline &agrave; gorge noire","Setophaga virens","Grass",2.26760381070687e-06,2.06689496172162e-06,2.44320659107068e-06,"males per ha"
"BTNW","Black-throated Green Warbler","Paruline &agrave; gorge noire","Setophaga virens","Mixed",0.0139404774335104,0.00998441515062533,0.0166351224813828,"males per ha"
"BTNW","Black-throated Green Warbler","Paruline &agrave; gorge noire","Setophaga virens","Wet",0.028450753751108,0.0254249839992226,0.0317324571921526,"males per ha"
"CAWA","Canada Warbler","Paruline du Canada","Cardellina canadensis","Conif",0.0102010724136422,0.00825520648231556,0.0116955618548084,"males per ha"
"CAWA","Canada Warbler","Paruline du Canada","Cardellina canadensis","Decid",0.000448093410970023,0.000119708884391423,0.00113140414516522,"males per ha"
"CAWA","Canada Warbler","Paruline du Canada","Cardellina canadensis","Grass",1.31520292239162e-06,1.09620367104954e-06,1.52375302534482e-06,"males per ha"
"CAWA","Canada Warbler","Paruline du Canada","Cardellina canadensis","Mixed",0.00520956791002711,0.0035583335478714,0.00706916560348685,"males per ha"
"CAWA","Canada Warbler","Paruline du Canada","Cardellina canadensis","Wet",0.0158506798779942,0.0128408918586061,0.0181250383367707,"males per ha"
"CCSP","Clay-colored Sparrow","Bruant des plaines","Spizella pallida","Conif",0.00785402127391194,0.00632381280308706,0.00974172794002861,"males per ha"
"CCSP","Clay-colored Sparrow","Bruant des plaines","Spizella pallida","Decid",0.00136059278944062,0.00037735069677854,0.00268498977015458,"males per ha"
"CCSP","Clay-colored Sparrow","Bruant des plaines","Spizella pallida","Grass",9.28551117307402e-07,4.90878850941551e-07,1.15057254972658e-06,"males per ha"
"CCSP","Clay-colored Sparrow","Bruant des plaines","Spizella pallida","Mixed",0.00458128367177822,0.00286668181304982,0.00648762145486269,"males per ha"
"CCSP","Clay-colored Sparrow","Bruant des plaines","Spizella pallida","Wet",0.012024819925393,0.0102162410237,0.0143567922642065,"males per ha"
"CEDW","Cedar Waxwing","Jaseur d'Am&eacute;rique","Bombycilla cedrorum","Conif",0.126710367432794,0.105881351082078,0.14901783211672,"males per ha"
"CEDW","Cedar Waxwing","Jaseur d'Am&eacute;rique","Bombycilla cedrorum","Decid",0.0365875428672124,0.0241375613193622,0.0487748294670556,"males per ha"
"CEDW","Cedar Waxwing","Jaseur d'Am&eacute;rique","Bombycilla cedrorum","Grass",1.4859219035937e-05,1.26203769781722e-05,1.75013491013035e-05,"males per ha"
"CEDW","Cedar Waxwing","Jaseur d'Am&eacute;rique","Bombycilla cedrorum","Mixed",0.0806619777804741,0.059421417567782,0.107269147663621,"males per ha"
"CEDW","Cedar Waxwing","Jaseur d'Am&eacute;rique","Bombycilla cedrorum","Wet",0.184557319322247,0.156745295256526,0.21216393807773,"males per ha"
"CHSP","Chipping Sparrow","Bruant familier","Spizella passerina","Conif",0.118885745552941,0.103495989218716,0.131101179158982,"males per ha"
"CHSP","Chipping Sparrow","Bruant familier","Spizella passerina","Decid",0.0342437270952151,0.0229776417037372,0.0446445710873079,"males per ha"
"CHSP","Chipping Sparrow","Bruant familier","Spizella passerina","Grass",0.00193862296444477,1.23738982441351e-05,2.03875116028496e-05,"males per ha"
"CHSP","Chipping Sparrow","Bruant familier","Spizella passerina","Mixed",0.0762188826485141,0.0570061719411646,0.0967105943984288,"males per ha"
"CHSP","Chipping Sparrow","Bruant familier","Spizella passerina","Wet",0.174904346423108,0.157597036054719,0.193281637397559,"males per ha"
"CLSW","Cliff Swallow","Hirondelle &agrave; front blanc","Petrochelidon pyrrhonota","Conif",0.00291137038034095,0.000206013171770644,0.00730414042029264,"males per ha"
"CLSW","Cliff Swallow","Hirondelle &agrave; front blanc","Petrochelidon pyrrhonota","Decid",0.000850383606111515,4.57667257418661e-06,0.000693106660651302,"males per ha"
"CLSW","Cliff Swallow","Hirondelle &agrave; front blanc","Petrochelidon pyrrhonota","Grass",1.4846180196497e-06,7.59272252680042e-08,5.23434789715235e-06,"males per ha"
"CLSW","Cliff Swallow","Hirondelle &agrave; front blanc","Petrochelidon pyrrhonota","Mixed",0.00194957576058985,0.000123048355150361,0.00441351034997966,"males per ha"
"CLSW","Cliff Swallow","Hirondelle &agrave; front blanc","Petrochelidon pyrrhonota","Wet",0.0041328203892738,0.000300120858270767,0.00937062588610592,"males per ha"
"CMWA","Cape May Warbler","Paruline tigr&eacute;e","Setophaga tigrina","Conif",0.019345327254473,0.0154591814736569,0.0254337870232148,"males per ha"
"CMWA","Cape May Warbler","Paruline tigr&eacute;e","Setophaga tigrina","Decid",0.0040312632036436,0.000247384709847973,0.0149342493159236,"males per ha"
"CMWA","Cape May Warbler","Paruline tigr&eacute;e","Setophaga tigrina","Grass",2.31996206372759e-06,1.55720024897498e-06,3.02442110438468e-06,"males per ha"
"CMWA","Cape May Warbler","Paruline tigr&eacute;e","Setophaga tigrina","Mixed",0.0109443581703036,0.00672810209834309,0.0209504701046433,"males per ha"
"CMWA","Cape May Warbler","Paruline tigr&eacute;e","Setophaga tigrina","Wet",0.0283021811847184,0.0240951742221738,0.0328107618841581,"males per ha"
"COGR","Common Grackle","Quiscale bronz&eacute;","Quiscalus quiscula","Conif",0.0136221446676001,0.0116921146280146,0.0168015561888554,"males per ha"
"COGR","Common Grackle","Quiscale bronz&eacute;","Quiscalus quiscula","Decid",0.00195897830155963,0.000502381885147524,0.00403967051848027,"males per ha"
"COGR","Common Grackle","Quiscale bronz&eacute;","Quiscalus quiscula","Grass",3.36173788519118e-06,1.46221401890965e-06,7.40804219031267e-06,"males per ha"
"COGR","Common Grackle","Quiscale bronz&eacute;","Quiscalus quiscula","Mixed",0.00783415280326046,0.00524875976487335,0.0104925091264429,"males per ha"
"COGR","Common Grackle","Quiscale bronz&eacute;","Quiscalus quiscula","Wet",0.0208161301989898,0.0180360448057402,0.0245703369425249,"males per ha"
"CONW","Connecticut Warbler","Paruline &agrave; gorge grise","Oporornis agilis","Conif",0.00503150699938474,0.00367161702126592,0.00639859113040484,"males per ha"
"CONW","Connecticut Warbler","Paruline &agrave; gorge grise","Oporornis agilis","Decid",0.000219459024262498,4.73042154949314e-05,0.000545782828380442,"males per ha"
"CONW","Connecticut Warbler","Paruline &agrave; gorge grise","Oporornis agilis","Grass",5.87747062772267e-07,4.73739366570573e-07,7.14020478814322e-07,"males per ha"
"CONW","Connecticut Warbler","Paruline &agrave; gorge grise","Oporornis agilis","Mixed",0.00252477325647845,0.00147261956201373,0.00362545390625713,"males per ha"
"CONW","Connecticut Warbler","Paruline &agrave; gorge grise","Oporornis agilis","Wet",0.00806262885672126,0.00605739454421752,0.0100790269338728,"males per ha"
"CORA","Common Raven","Grand Corbeau","Corvus corax","Conif",0.0425186830187498,0.0391141017479201,0.0475185124802453,"males per ha"
"CORA","Common Raven","Grand Corbeau","Corvus corax","Decid",0.0338200581652144,0.0266194213566847,0.0410213092914095,"males per ha"
"CORA","Common Raven","Grand Corbeau","Corvus corax","Grass",3.4462011854272e-06,3.16697002505856e-06,3.8420120715628e-06,"males per ha"
"CORA","Common Raven","Grand Corbeau","Corvus corax","Mixed",0.0402591832131498,0.0338263198825204,0.0479070627682238,"males per ha"
"CORA","Common Raven","Grand Corbeau","Corvus corax","Wet",0.0484702038244785,0.0445196199887829,0.0531552446353459,"males per ha"
"COYE","Common Yellowthroat","Paruline masqu&eacute;e","Geothlypis trichas","Conif",0.077450292593501,0.067189116003105,0.0857060119129394,"males per ha"
"COYE","Common Yellowthroat","Paruline masqu&eacute;e","Geothlypis trichas","Decid",0.0340587400747517,0.0234525346513869,0.043647403516603,"males per ha"
"COYE","Common Yellowthroat","Paruline masqu&eacute;e","Geothlypis trichas","Grass",1.24263919776768e-05,9.38300549488331e-06,1.46527398096295e-05,"males per ha"
"COYE","Common Yellowthroat","Paruline masqu&eacute;e","Geothlypis trichas","Mixed",0.069256865446843,0.0534225746599174,0.0849525923765919,"males per ha"
"COYE","Common Yellowthroat","Paruline masqu&eacute;e","Geothlypis trichas","Wet",0.124156225928604,0.106115638445052,0.139699053984684,"males per ha"
"CSWA","Chestnut-sided Warbler","Paruline &agrave; flancs marron","Setophaga pensylvanica","Conif",0.0415926852956788,0.0354098048889508,0.0476473101539723,"males per ha"
"CSWA","Chestnut-sided Warbler","Paruline &agrave; flancs marron","Setophaga pensylvanica","Decid",0.0069174644201814,0.00325783661456052,0.0089129374762019,"males per ha"
"CSWA","Chestnut-sided Warbler","Paruline &agrave; flancs marron","Setophaga pensylvanica","Grass",5.02842976213419e-06,4.51915915926153e-06,5.58757218644591e-06,"males per ha"
"CSWA","Chestnut-sided Warbler","Paruline &agrave; flancs marron","Setophaga pensylvanica","Mixed",0.0247246844683411,0.0175166248139388,0.0301882301015031,"males per ha"
"CSWA","Chestnut-sided Warbler","Paruline &agrave; flancs marron","Setophaga pensylvanica","Wet",0.0621620098890352,0.0547174433819668,0.0709616741491301,"males per ha"
"DEJU","Dark-eyed Junco","Junco ardois&eacute;","Junco hyemalis","Conif",0.228006078110982,0.211124919657135,0.240612743799308,"males per ha"
"DEJU","Dark-eyed Junco","Junco ardois&eacute;","Junco hyemalis","Decid",0.345362592376042,0.308020597218947,0.387285417411873,"males per ha"
"DEJU","Dark-eyed Junco","Junco ardois&eacute;","Junco hyemalis","Grass",7.10904438034008e-06,6.10520996516386e-06,8.3298281651331e-06,"males per ha"
"DEJU","Dark-eyed Junco","Junco ardois&eacute;","Junco hyemalis","Mixed",0.269979865941535,0.238021483263179,0.301193842748356,"males per ha"
"DEJU","Dark-eyed Junco","Junco ardois&eacute;","Junco hyemalis","Wet",0.166885945198393,0.150889686423448,0.183122275096848,"males per ha"
"DOWO","Downy Woodpecker","Pic mineur","Picoides pubescens","Conif",0.00952501330126404,0.00756171124735615,0.0125341553113603,"males per ha"
"DOWO","Downy Woodpecker","Pic mineur","Picoides pubescens","Decid",0.000401191927099407,8.63077483210188e-05,0.00126317476904396,"males per ha"
"DOWO","Downy Woodpecker","Pic mineur","Picoides pubescens","Grass",1.24818384929307e-06,8.97641377869803e-07,1.4869635051042e-06,"males per ha"
"DOWO","Downy Woodpecker","Pic mineur","Picoides pubescens","Mixed",0.00447805022413918,0.00259066916487909,0.00680601201159946,"males per ha"
"DOWO","Downy Woodpecker","Pic mineur","Picoides pubescens","Wet",0.015070128986132,0.0123127333550938,0.0187173519562828,"males per ha"
"EABL","Eastern Bluebird","Merlebleu de l'Est","Sialia sialis","Conif",0.00276006218249735,0.00139629929427962,0.00416401313991726,"males per ha"
"EABL","Eastern Bluebird","Merlebleu de l'Est","Sialia sialis","Decid",0.000973309961159801,3.45887000776225e-05,0.00312360947691877,"males per ha"
"EABL","Eastern Bluebird","Merlebleu de l'Est","Sialia sialis","Grass",3.42100436819822e-07,1.62453337342549e-07,5.41298025205827e-07,"males per ha"
"EABL","Eastern Bluebird","Merlebleu de l'Est","Sialia sialis","Mixed",0.00204540300465323,0.000849824809168975,0.00361793156491028,"males per ha"
"EABL","Eastern Bluebird","Merlebleu de l'Est","Sialia sialis","Wet",0.00399879905448799,0.00187430383221521,0.00591211594056425,"males per ha"
"EAKI","Eastern Kingbird","Tyran tritri","Tyrannus tyrannus","Conif",0.00160245319254046,0.00108910266715307,0.00240532834347609,"males per ha"
"EAKI","Eastern Kingbird","Tyran tritri","Tyrannus tyrannus","Decid",0.000804975152144177,2.3119079013765e-05,0.00160710461911865,"males per ha"
"EAKI","Eastern Kingbird","Tyran tritri","Tyrannus tyrannus","Grass",1.60107601309793e-07,1.05700480727564e-07,2.10340033129086e-07,"males per ha"
"EAKI","Eastern Kingbird","Tyran tritri","Tyrannus tyrannus","Mixed",0.00117839885626404,0.00055323344949344,0.00187521489426218,"males per ha"
"EAKI","Eastern Kingbird","Tyran tritri","Tyrannus tyrannus","Wet",0.00208628442080258,0.0014070481845824,0.00279838046206111,"males per ha"
"EAPH","Eastern Phoebe","Moucherolle ph&eacute;bi","Sayornis phoebe","Conif",0.00287280536008747,0.00206886285240393,0.0038390223531242,"males per ha"
"EAPH","Eastern Phoebe","Moucherolle ph&eacute;bi","Sayornis phoebe","Decid",7.56872372129746e-05,2.74366951186172e-05,0.000179211517016757,"males per ha"
"EAPH","Eastern Phoebe","Moucherolle ph&eacute;bi","Sayornis phoebe","Grass",3.85793147079773e-07,2.94979968474404e-07,5.17004273274241e-07,"males per ha"
"EAPH","Eastern Phoebe","Moucherolle ph&eacute;bi","Sayornis phoebe","Mixed",0.00134260531317799,0.000835775267364362,0.00198450235063482,"males per ha"
"EAPH","Eastern Phoebe","Moucherolle ph&eacute;bi","Sayornis phoebe","Wet",0.00464783999068383,0.00350154070671522,0.00617182078617889,"males per ha"
"EAWP","Eastern Wood-Pewee","Pioui de l'Est","Contopus virens","Conif",0.00106706751657038,0.000715135390315313,0.00136423981068888,"males per ha"
"EAWP","Eastern Wood-Pewee","Pioui de l'Est","Contopus virens","Decid",0.000246791729709224,8.82566949120009e-06,0.000745773019434632,"males per ha"
"EAWP","Eastern Wood-Pewee","Pioui de l'Est","Contopus virens","Grass",1.27697676169492e-07,9.497607142641e-08,1.60631318748485e-07,"males per ha"
"EAWP","Eastern Wood-Pewee","Pioui de l'Est","Contopus virens","Mixed",0.000611099318396255,0.000271338985318291,0.00101431398304162,"males per ha"
"EAWP","Eastern Wood-Pewee","Pioui de l'Est","Contopus virens","Wet",0.00156524157303557,0.00115987505957795,0.00193059116218856,"males per ha"
"EUST","European Starling","&Eacute;tourneau sansonnet","Sturnus vulgaris","Conif",0.0124615931434325,0.00887056147734064,0.0165153855949378,"males per ha"
"EUST","European Starling","&Eacute;tourneau sansonnet","Sturnus vulgaris","Decid",0.00472401907720467,0.00135406543109841,0.00965478426055479,"males per ha"
"EUST","European Starling","&Eacute;tourneau sansonnet","Sturnus vulgaris","Grass",2.71189070969352e-06,1.59800710988228e-06,5.35544179803391e-06,"males per ha"
"EUST","European Starling","&Eacute;tourneau sansonnet","Sturnus vulgaris","Mixed",0.00890089937892168,0.00559510655720125,0.0149831585843315,"males per ha"
"EUST","European Starling","&Eacute;tourneau sansonnet","Sturnus vulgaris","Wet",0.0176013205915846,0.012687303239458,0.022467486351122,"males per ha"
"EVGR","Evening Grosbeak","Gros-bec errant","Coccothraustes vespertinus","Conif",0.017595286040999,0.0128384270455357,0.0242658992052198,"males per ha"
"EVGR","Evening Grosbeak","Gros-bec errant","Coccothraustes vespertinus","Decid",0.0108305563239201,0.0014072259092119,0.026894247069006,"males per ha"
"EVGR","Evening Grosbeak","Gros-bec errant","Coccothraustes vespertinus","Grass",1.63891157372822e-06,1.32085869010556e-06,2.02360265169445e-06,"males per ha"
"EVGR","Evening Grosbeak","Gros-bec errant","Coccothraustes vespertinus","Mixed",0.0138043008477131,0.00581131537974738,0.0259718769103484,"males per ha"
"EVGR","Evening Grosbeak","Gros-bec errant","Coccothraustes vespertinus","Wet",0.0215039046584744,0.0177985543661341,0.0260824444008515,"males per ha"
"FOSP","Fox Sparrow","Bruant fauve","Passerella iliaca","Conif",0.0506998640465588,0.0428291491870644,0.0557866699328755,"males per ha"
"FOSP","Fox Sparrow","Bruant fauve","Passerella iliaca","Decid",0.158932456184725,0.127884731016205,0.188961958396725,"males per ha"
"FOSP","Fox Sparrow","Bruant fauve","Passerella iliaca","Grass",0.000441149372699527,1.81137242848372e-07,2.28288199881345e-06,"males per ha"
"FOSP","Fox Sparrow","Bruant fauve","Passerella iliaca","Mixed",0.0597453031668658,0.047854338487757,0.069772473569834,"males per ha"
"FOSP","Fox Sparrow","Bruant fauve","Passerella iliaca","Wet",0.0137816716320795,0.00861001987728586,0.0189422506203355,"males per ha"
"GCFL","Great Crested Flycatcher","Tyran hupp&eacute;","Myiarchus crinitus","Conif",0.000318145701548691,8.19011976080154e-05,0.000650597218700273,"males per ha"
"GCFL","Great Crested Flycatcher","Tyran hupp&eacute;","Myiarchus crinitus","Decid",0.000149156512125765,1.20258926897669e-06,0.000508787010792281,"males per ha"
"GCFL","Great Crested Flycatcher","Tyran hupp&eacute;","Myiarchus crinitus","Grass",7.06231001892301e-08,2.12804277240291e-09,4.0765754321942e-07,"males per ha"
"GCFL","Great Crested Flycatcher","Tyran hupp&eacute;","Myiarchus crinitus","Mixed",0.000230817765641374,3.56254318103946e-05,0.000577823520854561,"males per ha"
"GCFL","Great Crested Flycatcher","Tyran hupp&eacute;","Myiarchus crinitus","Wet",0.000404314787678198,6.04541242986064e-05,0.00077556718232213,"males per ha"
"GCKI","Golden-crowned Kinglet","Roitelet &agrave; couronne dor&eacute;e","Regulus satrapa","Conif",0.208735166791356,0.183872174595173,0.232405049230836,"males per ha"
"GCKI","Golden-crowned Kinglet","Roitelet &agrave; couronne dor&eacute;e","Regulus satrapa","Decid",0.103434712039308,0.0885569944697212,0.122254536316686,"males per ha"
"GCKI","Golden-crowned Kinglet","Roitelet &agrave; couronne dor&eacute;e","Regulus satrapa","Grass",1.30907970927817e-05,1.18748340239829e-05,1.48744210800545e-05,"males per ha"
"GCKI","Golden-crowned Kinglet","Roitelet &agrave; couronne dor&eacute;e","Regulus satrapa","Mixed",0.136039127103576,0.120520536524466,0.153831472616553,"males per ha"
"GCKI","Golden-crowned Kinglet","Roitelet &agrave; couronne dor&eacute;e","Regulus satrapa","Wet",0.213235004330523,0.186649475473651,0.243980842262738,"males per ha"
"GCTH","Gray-cheeked Thrush","Grive &agrave; joues grises","Catharus minimus","Conif",0.000482297907105029,5.27926429978888e-05,0.00152145744300513,"males per ha"
"GCTH","Gray-cheeked Thrush","Grive &agrave; joues grises","Catharus minimus","Decid",0.00103312505079849,1.11464517346498e-05,0.00371584404038946,"males per ha"
"GCTH","Gray-cheeked Thrush","Grive &agrave; joues grises","Catharus minimus","Grass",8.80983075749809e-09,0,2.82100359424086e-08,"males per ha"
"GCTH","Gray-cheeked Thrush","Grive &agrave; joues grises","Catharus minimus","Mixed",0.000627471831883792,3.89994926858463e-05,0.00222596050718713,"males per ha"
"GCTH","Gray-cheeked Thrush","Grive &agrave; joues grises","Catharus minimus","Wet",0.000236454568113934,4.3438914680921e-05,0.000521184312303319,"males per ha"
"GRAJ","Gray Jay","M&eacute;sangeai du Canada","Perisoreus canadensis","Conif",0.126901332801917,0.113455838426432,0.144117676177473,"males per ha"
"GRAJ","Gray Jay","M&eacute;sangeai du Canada","Perisoreus canadensis","Decid",0.143241476639302,0.116610660446726,0.167267239450328,"males per ha"
"GRAJ","Gray Jay","M&eacute;sangeai du Canada","Perisoreus canadensis","Grass",5.66802495684362e-06,4.5080985212136e-06,6.93092292796688e-06,"males per ha"
"GRAJ","Gray Jay","M&eacute;sangeai du Canada","Perisoreus canadensis","Mixed",0.133737522888605,0.114405296589584,0.156800163352925,"males per ha"
"GRAJ","Gray Jay","M&eacute;sangeai du Canada","Perisoreus canadensis","Wet",0.112986019041837,0.0908943543857498,0.135017069295164,"males per ha"
"GRCA","Gray Catbird","Moqueur chat","Dumetella carolinensis","Conif",0.00182367264302935,0.00133864302541856,0.00234120040487882,"males per ha"
"GRCA","Gray Catbird","Moqueur chat","Dumetella carolinensis","Decid",0.000328199451883361,1.96844965555043e-05,0.00092251164926476,"males per ha"
"GRCA","Gray Catbird","Moqueur chat","Dumetella carolinensis","Grass",2.32967211743185e-07,1.75619022185321e-07,3.04447695137742e-07,"males per ha"
"GRCA","Gray Catbird","Moqueur chat","Dumetella carolinensis","Mixed",0.00105849556238829,0.000542122010717858,0.00159017922099602,"males per ha"
"GRCA","Gray Catbird","Moqueur chat","Dumetella carolinensis","Wet",0.00272342497335403,0.00207096136146218,0.0036032458862232,"males per ha"
"GRYE","Greater Yellowlegs","Grand Chevalier","Tringa melanoleuca","Conif",0.00873692866486347,0.00645421181792884,0.0110419686616596,"males per ha"
"GRYE","Greater Yellowlegs","Grand Chevalier","Tringa melanoleuca","Decid",0.0237914781671348,0.015513354126182,0.034375546538368,"males per ha"
"GRYE","Greater Yellowlegs","Grand Chevalier","Tringa melanoleuca","Grass",1.21354919998094e-07,8.13205189738966e-08,1.54298165231036e-07,"males per ha"
"GRYE","Greater Yellowlegs","Grand Chevalier","Tringa melanoleuca","Mixed",0.0123487734326055,0.00796590831742781,0.0165282538860942,"males per ha"
"GRYE","Greater Yellowlegs","Grand Chevalier","Tringa melanoleuca","Wet",0.00345293399413158,0.00244145207748705,0.0045748483507024,"males per ha"
"HAWO","Hairy Woodpecker","Pic chevelu","Picoides villosus","Conif",0.0153397501830049,0.0121407158456775,0.0183614505458573,"males per ha"
"HAWO","Hairy Woodpecker","Pic chevelu","Picoides villosus","Decid",0.00262139818389421,0.000261803312192981,0.00688112556125992,"males per ha"
"HAWO","Hairy Woodpecker","Pic chevelu","Picoides villosus","Grass",1.99853436784944e-06,1.62910484174348e-06,2.29104137278924e-06,"males per ha"
"HAWO","Hairy Woodpecker","Pic chevelu","Picoides villosus","Mixed",0.00847533620976828,0.00517862939379151,0.0123286056416966,"males per ha"
"HAWO","Hairy Woodpecker","Pic chevelu","Picoides villosus","Wet",0.0235471768987103,0.0195626647917278,0.0268351687312978,"males per ha"
"HETH","Hermit Thrush","Grive solitaire","Catharus guttatus","Conif",0.116843389134503,0.109539473937587,0.12413493118305,"males per ha"
"HETH","Hermit Thrush","Grive solitaire","Catharus guttatus","Decid",0.110815400148254,0.0952862442199874,0.128601586040977,"males per ha"
"HETH","Hermit Thrush","Grive solitaire","Catharus guttatus","Grass",8.30419137193226e-06,7.49692883035029e-06,9.0657644223187e-06,"males per ha"
"HETH","Hermit Thrush","Grive solitaire","Catharus guttatus","Mixed",0.108951327791272,0.100237205615189,0.120488637940836,"males per ha"
"HETH","Hermit Thrush","Grive solitaire","Catharus guttatus","Wet",0.13008792303582,0.119782024917099,0.139575790327418,"males per ha"
"HOLA","Horned Lark","Alouette hausse-col","Eremophila alpestris","Conif",6.92491551275569e-05,1.79251300116937e-05,0.000162383202938739,"males per ha"
"HOLA","Horned Lark","Alouette hausse-col","Eremophila alpestris","Decid",7.98575490525688e-06,3.6773729667576e-07,2.39907857219914e-05,"males per ha"
"HOLA","Horned Lark","Alouette hausse-col","Eremophila alpestris","Grass",7.59518595736046e-09,0,2.20528341912726e-08,"males per ha"
"HOLA","Horned Lark","Alouette hausse-col","Eremophila alpestris","Mixed",9.55956441355999e-05,1.2426924869511e-05,0.0002435489637216,"males per ha"
"HOLA","Horned Lark","Alouette hausse-col","Eremophila alpestris","Wet",9.03011824886223e-05,3.30413237746996e-06,0.000247305942280622,"males per ha"
"HOSP","House Sparrow","Moineau domestique","Passer domesticus","Conif",0.00089980958768306,0.000232704860165341,0.00157826359445596,"males per ha"
"HOSP","House Sparrow","Moineau domestique","Passer domesticus","Decid",4.2058603064521e-05,6.94258635777726e-06,0.000132497073245385,"males per ha"
"HOSP","House Sparrow","Moineau domestique","Passer domesticus","Grass",1.07669946092022e-07,2.54342485619969e-08,1.97988484290595e-07,"males per ha"
"HOSP","House Sparrow","Moineau domestique","Passer domesticus","Mixed",0.000483321892965772,0.000129953705429774,0.000895876018487804,"males per ha"
"HOSP","House Sparrow","Moineau domestique","Passer domesticus","Wet",0.00135220937633972,0.000317667693389506,0.00238065159516842,"males per ha"
"HOWR","House Wren","Troglodyte familier","Troglodytes aedon","Conif",0.000849524684468956,0.000483379872953869,0.00122867930546516,"males per ha"
"HOWR","House Wren","Troglodyte familier","Troglodytes aedon","Decid",4.36776236908744e-05,5.80856842659274e-06,0.00014037779745795,"males per ha"
"HOWR","House Wren","Troglodyte familier","Troglodytes aedon","Grass",2.31243632182574e-05,5.59616480527021e-08,5.29488586462815e-07,"males per ha"
"HOWR","House Wren","Troglodyte familier","Troglodytes aedon","Mixed",0.000439260800299213,0.000189672752961074,0.000766651063168189,"males per ha"
"HOWR","House Wren","Troglodyte familier","Troglodytes aedon","Wet",0.00134666847540031,0.000738336825578621,0.00193406942938527,"males per ha"
"INBU","Indigo Bunting","Passerin indigo","Passerina cyanea","Conif",0.000481979203611868,0.00020685312374448,0.000791591189026853,"males per ha"
"INBU","Indigo Bunting","Passerin indigo","Passerina cyanea","Decid",1.79686748620557e-05,2.43897137248305e-06,4.54426717441779e-05,"males per ha"
"INBU","Indigo Bunting","Passerin indigo","Passerina cyanea","Grass",6.01162192941158e-08,2.50891802592661e-08,9.34427361888014e-08,"males per ha"
"INBU","Indigo Bunting","Passerin indigo","Passerina cyanea","Mixed",0.000240530077020061,9.07024412484414e-05,0.00042032290634079,"males per ha"
"INBU","Indigo Bunting","Passerin indigo","Passerina cyanea","Wet",0.000763774967002649,0.000293014150870018,0.00122598258472073,"males per ha"
"KILL","Killdeer","Pluvier kildir","Charadrius vociferus","Conif",0.00229845508217378,0.00166313436690119,0.00314693923746219,"males per ha"
"KILL","Killdeer","Pluvier kildir","Charadrius vociferus","Decid",0.00137347070434434,0.000364995472550789,0.00295772584919526,"males per ha"
"KILL","Killdeer","Pluvier kildir","Charadrius vociferus","Grass",2.43385746756677e-07,1.7055789667082e-07,3.20924061002535e-07,"males per ha"
"KILL","Killdeer","Pluvier kildir","Charadrius vociferus","Mixed",0.00187381180978875,0.00114272252794367,0.00310057055810135,"males per ha"
"KILL","Killdeer","Pluvier kildir","Charadrius vociferus","Wet",0.00290736355645934,0.002424004806933,0.00354701426674345,"males per ha"
"LCSP","Le Conte's Sparrow","Bruant de Le Conte","Ammodramus leconteii","Conif",0.00256847172134207,0.00157223707570558,0.00336105505880858,"males per ha"
"LCSP","Le Conte's Sparrow","Bruant de Le Conte","Ammodramus leconteii","Decid",0.000135751652980888,2.28913281747307e-05,0.000332633217614028,"males per ha"
"LCSP","Le Conte's Sparrow","Bruant de Le Conte","Ammodramus leconteii","Grass",4.34709540128104e-07,2.70738443027552e-07,6.35366875973487e-07,"males per ha"
"LCSP","Le Conte's Sparrow","Bruant de Le Conte","Ammodramus leconteii","Mixed",0.00147248307552174,0.000589681789480206,0.00224603535500306,"males per ha"
"LCSP","Le Conte's Sparrow","Bruant de Le Conte","Ammodramus leconteii","Wet",0.00439378824605527,0.00304781832228543,0.00566865878939527,"males per ha"
"LEFL","Least Flycatcher","Moucherolle tch&eacute;bec","Empidonax minimus","Conif",0.106756408139122,0.0958482966826184,0.115840794593989,"males per ha"
"LEFL","Least Flycatcher","Moucherolle tch&eacute;bec","Empidonax minimus","Decid",0.0491980133914751,0.0332115614458987,0.0607570447072571,"males per ha"
"LEFL","Least Flycatcher","Moucherolle tch&eacute;bec","Empidonax minimus","Grass",1.0830183361709e-05,9.02156600730295e-06,1.23126332325326e-05,"males per ha"
"LEFL","Least Flycatcher","Moucherolle tch&eacute;bec","Empidonax minimus","Mixed",0.0779554390298443,0.0624062207947537,0.091472062801932,"males per ha"
"LEFL","Least Flycatcher","Moucherolle tch&eacute;bec","Empidonax minimus","Wet",0.128666597663591,0.114920080783813,0.142650382994681,"males per ha"
"LEYE","Lesser Yellowlegs","Petit Chevalier","Tringa flavipes","Conif",0.00304280213530939,0.00042031514423791,0.0065034189292129,"males per ha"
"LEYE","Lesser Yellowlegs","Petit Chevalier","Tringa flavipes","Decid",0.0182316653265364,0.00231882556610267,0.0550086086170998,"males per ha"
"LEYE","Lesser Yellowlegs","Petit Chevalier","Tringa flavipes","Grass",4.56656187217286e-09,1.60395854564601e-15,2.18020916210657e-08,"males per ha"
"LEYE","Lesser Yellowlegs","Petit Chevalier","Tringa flavipes","Mixed",0.00281496578847498,0.000379728057492998,0.00740921156128295,"males per ha"
"LEYE","Lesser Yellowlegs","Petit Chevalier","Tringa flavipes","Wet",0.000101208286301678,5.06531725719478e-08,0.000478611379949143,"males per ha"
"LISP","Lincoln's Sparrow","Bruant de Lincoln","Melospiza lincolnii","Conif",0.160326109701781,0.138483796087233,0.188309800934406,"males per ha"
"LISP","Lincoln's Sparrow","Bruant de Lincoln","Melospiza lincolnii","Decid",0.303923908184555,0.243338122192766,0.366125442151112,"males per ha"
"LISP","Lincoln's Sparrow","Bruant de Lincoln","Melospiza lincolnii","Grass",9.35007223957868e-06,6.23811847151338e-06,1.21373406460781e-05,"males per ha"
"LISP","Lincoln's Sparrow","Bruant de Lincoln","Melospiza lincolnii","Mixed",0.230814545438913,0.193977297213036,0.276279282817179,"males per ha"
"LISP","Lincoln's Sparrow","Bruant de Lincoln","Melospiza lincolnii","Wet",0.120610830123002,0.0991441883756093,0.143865520138611,"males per ha"
"MAWA","Magnolia Warbler","Paruline &agrave; t&ecirc;te cendr&eacute;e","Setophaga magnolia","Conif",0.270429956897812,0.253727068664033,0.292156851347427,"males per ha"
"MAWA","Magnolia Warbler","Paruline &agrave; t&ecirc;te cendr&eacute;e","Setophaga magnolia","Decid",0.116031227612316,0.0960818202100625,0.14161008807315,"males per ha"
"MAWA","Magnolia Warbler","Paruline &agrave; t&ecirc;te cendr&eacute;e","Setophaga magnolia","Grass",2.37074093261451e-05,2.15169766106382e-05,2.54891335075315e-05,"males per ha"
"MAWA","Magnolia Warbler","Paruline &agrave; t&ecirc;te cendr&eacute;e","Setophaga magnolia","Mixed",0.229137247740356,0.204260883221215,0.268255812119457,"males per ha"
"MAWA","Magnolia Warbler","Paruline &agrave; t&ecirc;te cendr&eacute;e","Setophaga magnolia","Wet",0.322730282030624,0.301817365178997,0.343760391461064,"males per ha"
"MODO","Mourning Dove","Tourterelle triste","Zenaida macroura","Conif",0.00282310416577204,0.00231610969817429,0.00352511630637338,"males per ha"
"MODO","Mourning Dove","Tourterelle triste","Zenaida macroura","Decid",0.000823002414880523,4.58568395211692e-05,0.00153385965335133,"males per ha"
"MODO","Mourning Dove","Tourterelle triste","Zenaida macroura","Grass",6.72188204614664e-07,4.09436183085221e-07,9.72948485436116e-07,"males per ha"
"MODO","Mourning Dove","Tourterelle triste","Zenaida macroura","Mixed",0.00173571551512498,0.0011423805187043,0.00245516048290244,"males per ha"
"MODO","Mourning Dove","Tourterelle triste","Zenaida macroura","Wet",0.00402690967214365,0.00301152637011783,0.00506793940151038,"males per ha"
"MOWA","Mourning Warbler","Paruline triste","Geothlypis philadelphia","Conif",0.0612440777250826,0.0521154659542905,0.0688252282416665,"males per ha"
"MOWA","Mourning Warbler","Paruline triste","Geothlypis philadelphia","Decid",0.0142596010718576,0.00856750528166322,0.0203861482215681,"males per ha"
"MOWA","Mourning Warbler","Paruline triste","Geothlypis philadelphia","Grass",7.59736612485494e-06,5.41442847114258e-06,1.03208738891917e-05,"males per ha"
"MOWA","Mourning Warbler","Paruline triste","Geothlypis philadelphia","Mixed",0.0406255271387555,0.0306714502646253,0.0486732967781508,"males per ha"
"MOWA","Mourning Warbler","Paruline triste","Geothlypis philadelphia","Wet",0.0840077914315178,0.0715115402101777,0.0894670332026805,"males per ha"
"NAWA","Nashville Warbler","Paruline &agrave; joues grises","Oreothlypis ruficapilla","Conif",0.197262957947631,0.183354919650896,0.210221670728248,"males per ha"
"NAWA","Nashville Warbler","Paruline &agrave; joues grises","Oreothlypis ruficapilla","Decid",0.0391960601387399,0.0267812709209134,0.0543099516646309,"males per ha"
"NAWA","Nashville Warbler","Paruline &agrave; joues grises","Oreothlypis ruficapilla","Grass",1.65655869962681e-05,1.4648238483323e-05,1.81821350354639e-05,"males per ha"
"NAWA","Nashville Warbler","Paruline &agrave; joues grises","Oreothlypis ruficapilla","Mixed",0.126570862288516,0.110210748424159,0.140132310504677,"males per ha"
"NAWA","Nashville Warbler","Paruline &agrave; joues grises","Oreothlypis ruficapilla","Wet",0.244885509806259,0.231185974724186,0.259165322886303,"males per ha"
"NESP","Nelson's Sparrow","Bruant de Nelson","Ammodramus nelsoni","Conif",0.00197107361486945,0.000491012445392921,0.0040800397743049,"males per ha"
"NESP","Nelson's Sparrow","Bruant de Nelson","Ammodramus nelsoni","Decid",0.00379219078244074,0.000818771835869133,0.0078193047424901,"males per ha"
"NESP","Nelson's Sparrow","Bruant de Nelson","Ammodramus nelsoni","Grass",1.89938874768337e-08,0,5.18180300439311e-08,"males per ha"
"NESP","Nelson's Sparrow","Bruant de Nelson","Ammodramus nelsoni","Mixed",0.00296636060598338,0.000650454974218963,0.0068077103178069,"males per ha"
"NESP","Nelson's Sparrow","Bruant de Nelson","Ammodramus nelsoni","Wet",0.000815329196001225,0.000182002848235334,0.00172205069521081,"males per ha"
"NOFL","Northern Flicker","Pic flamboyant","Colaptes auratus","Conif",0.0446686151857632,0.0392535291763487,0.0486288104382725,"males per ha"
"NOFL","Northern Flicker","Pic flamboyant","Colaptes auratus","Decid",0.0315828290969491,0.0249137461406024,0.0371841772679823,"males per ha"
"NOFL","Northern Flicker","Pic flamboyant","Colaptes auratus","Grass",4.2856229880342e-06,3.67086072476752e-06,4.89305255011786e-06,"males per ha"
"NOFL","Northern Flicker","Pic flamboyant","Colaptes auratus","Mixed",0.0406549585176065,0.035226429240566,0.0453003914243776,"males per ha"
"NOFL","Northern Flicker","Pic flamboyant","Colaptes auratus","Wet",0.0560264418439492,0.0489269584079468,0.0625749325209348,"males per ha"
"NOPA","Northern Parula","Paruline &agrave; collier","Setophaga americana","Conif",0.00771705689445925,0.00612565614645084,0.0091826119802956,"males per ha"
"NOPA","Northern Parula","Paruline &agrave; collier","Setophaga americana","Decid",0.000304710915416975,9.35881506289089e-05,0.000767236516009033,"males per ha"
"NOPA","Northern Parula","Paruline &agrave; collier","Setophaga americana","Grass",9.81345746773592e-07,8.34248706050185e-07,1.15725912707228e-06,"males per ha"
"NOPA","Northern Parula","Paruline &agrave; collier","Setophaga americana","Mixed",0.00385954477196731,0.00251302522019859,0.00527082195588462,"males per ha"
"NOPA","Northern Parula","Paruline &agrave; collier","Setophaga americana","Wet",0.011899478026068,0.0101338715142867,0.0140005801332205,"males per ha"
"NOWA","Northern Waterthrush","Paruline des ruisseaux","Parkesia noveboracensis","Conif",0.071107570109494,0.0631895240873248,0.0798677107393162,"males per ha"
"NOWA","Northern Waterthrush","Paruline des ruisseaux","Parkesia noveboracensis","Decid",0.106369929276188,0.0929826008778178,0.121528183257143,"males per ha"
"NOWA","Northern Waterthrush","Paruline des ruisseaux","Parkesia noveboracensis","Grass",1.78098094904157e-06,1.45768316754622e-06,2.23725318343408e-06,"males per ha"
"NOWA","Northern Waterthrush","Paruline des ruisseaux","Parkesia noveboracensis","Mixed",0.0878660411206182,0.0769719300091292,0.0992645760943743,"males per ha"
"NOWA","Northern Waterthrush","Paruline des ruisseaux","Parkesia noveboracensis","Wet",0.0455402132355637,0.0399377275921058,0.0547237468274065,"males per ha"
"OCWA","Orange-crowned Warbler","Paruline verd&acirc;tre","Oreothlypis celata","Conif",0.0190450794616074,0.0148878085145063,0.0250578705518698,"males per ha"
"OCWA","Orange-crowned Warbler","Paruline verd&acirc;tre","Oreothlypis celata","Decid",0.0335670237513639,0.0244084518243072,0.0489287100698274,"males per ha"
"OCWA","Orange-crowned Warbler","Paruline verd&acirc;tre","Oreothlypis celata","Grass",3.95822821386253e-07,2.00919815053754e-07,7.43392818958708e-07,"males per ha"
"OCWA","Orange-crowned Warbler","Paruline verd&acirc;tre","Oreothlypis celata","Mixed",0.0262105912883863,0.0194471659458475,0.033648661846088,"males per ha"
"OCWA","Orange-crowned Warbler","Paruline verd&acirc;tre","Oreothlypis celata","Wet",0.0101792217184401,0.00692012970566807,0.0136162152944508,"males per ha"
"OSFL","Olive-sided Flycatcher","Moucherolle &agrave; c&ocirc;t&eacute;s olive","Contopus cooperi","Conif",0.00707237694453566,0.00571101677287172,0.00815746064385293,"males per ha"
"OSFL","Olive-sided Flycatcher","Moucherolle &agrave; c&ocirc;t&eacute;s olive","Contopus cooperi","Decid",0.00591008818896202,0.00371303699463796,0.00767253002071576,"males per ha"
"OSFL","Olive-sided Flycatcher","Moucherolle &agrave; c&ocirc;t&eacute;s olive","Contopus cooperi","Grass",4.70345181896673e-07,3.87934893182783e-07,5.93572407351573e-07,"males per ha"
"OSFL","Olive-sided Flycatcher","Moucherolle &agrave; c&ocirc;t&eacute;s olive","Contopus cooperi","Mixed",0.00647428327777714,0.00461486412213204,0.00774933837335403,"males per ha"
"OSFL","Olive-sided Flycatcher","Moucherolle &agrave; c&ocirc;t&eacute;s olive","Contopus cooperi","Wet",0.00835434744824238,0.00635248625412757,0.0110875673660676,"males per ha"
"OVEN","Ovenbird","Paruline couronn&eacute;e","Seiurus aurocapilla","Conif",0.0919484918471914,0.0798678696932689,0.102477604868683,"males per ha"
"OVEN","Ovenbird","Paruline couronn&eacute;e","Seiurus aurocapilla","Decid",0.0192344495945479,0.0139279856819416,0.0244801816083971,"males per ha"
"OVEN","Ovenbird","Paruline couronn&eacute;e","Seiurus aurocapilla","Grass",1.10546417027952e-05,1.02176605368896e-05,1.18546148963208e-05,"males per ha"
"OVEN","Ovenbird","Paruline couronn&eacute;e","Seiurus aurocapilla","Mixed",0.0495087922836161,0.0364932411841468,0.0592814199470782,"males per ha"
"OVEN","Ovenbird","Paruline couronn&eacute;e","Seiurus aurocapilla","Wet",0.115772798941552,0.105906588927041,0.127317097129863,"males per ha"
"PAWA","Palm Warbler","Paruline &agrave; couronne rousse","Setophaga palmarum","Conif",0.084386176830225,0.0710472152222315,0.0998629505025625,"males per ha"
"PAWA","Palm Warbler","Paruline &agrave; couronne rousse","Setophaga palmarum","Decid",0.104271650737157,0.0743574644481005,0.140163758346546,"males per ha"
"PAWA","Palm Warbler","Paruline &agrave; couronne rousse","Setophaga palmarum","Grass",2.36734592388878e-06,1.94184299430137e-06,2.87093658392703e-06,"males per ha"
"PAWA","Palm Warbler","Paruline &agrave; couronne rousse","Setophaga palmarum","Mixed",0.115171042596981,0.0852170498537965,0.154377438063755,"males per ha"
"PAWA","Palm Warbler","Paruline &agrave; couronne rousse","Setophaga palmarum","Wet",0.0743275114551706,0.0609904300288637,0.0852930659272296,"males per ha"
"PHVI","Philadelphia Vireo","Vir&eacute;o de Philadelphie","Vireo philadelphicus","Conif",0.0303058262694408,0.025983207413317,0.0375595172658598,"males per ha"
"PHVI","Philadelphia Vireo","Vir&eacute;o de Philadelphie","Vireo philadelphicus","Decid",0.0256933040127129,0.019712212806856,0.0341744463142211,"males per ha"
"PHVI","Philadelphia Vireo","Vir&eacute;o de Philadelphie","Vireo philadelphicus","Grass",2.25349500334734e-06,1.92091479804309e-06,2.62052047585271e-06,"males per ha"
"PHVI","Philadelphia Vireo","Vir&eacute;o de Philadelphie","Vireo philadelphicus","Mixed",0.0278748183869358,0.0232078209844884,0.0346891520843695,"males per ha"
"PHVI","Philadelphia Vireo","Vir&eacute;o de Philadelphie","Vireo philadelphicus","Wet",0.0319199777283172,0.0281031545316584,0.0359241963341081,"males per ha"
"PIGR","Pine Grosbeak","Durbec des sapins","Pinicola enucleator","Conif",0.0046837747423226,0.000388036145391539,0.00934862473755239,"males per ha"
"PIGR","Pine Grosbeak","Durbec des sapins","Pinicola enucleator","Decid",0.0089380240707519,0.000670799774617862,0.0197945081556688,"males per ha"
"PIGR","Pine Grosbeak","Durbec des sapins","Pinicola enucleator","Grass",1.6338891354606e-08,1.61456723627423e-15,7.77820809273228e-08,"males per ha"
"PIGR","Pine Grosbeak","Durbec des sapins","Pinicola enucleator","Mixed",0.00695994990453482,0.000555206169966221,0.0157761711662439,"males per ha"
"PIGR","Pine Grosbeak","Durbec des sapins","Pinicola enucleator","Wet",0.00179965966888864,0.000109974132646512,0.0034970270598237,"males per ha"
"PISI","Pine Siskin","Tarin des pins","Spinus pinus","Conif",0.0984775721815069,0.079293275556009,0.117914065704535,"males per ha"
"PISI","Pine Siskin","Tarin des pins","Spinus pinus","Decid",0.0609329555121657,0.0402373587281569,0.0867329325030824,"males per ha"
"PISI","Pine Siskin","Tarin des pins","Spinus pinus","Grass",3.50436988549026e-05,6.35538344677842e-06,0.000127434764528723,"males per ha"
"PISI","Pine Siskin","Tarin des pins","Spinus pinus","Mixed",0.0789065954602076,0.0574687127250971,0.101046130745844,"males per ha"
"PISI","Pine Siskin","Tarin des pins","Spinus pinus","Wet",0.116153425361434,0.0875640294403415,0.136014787950373,"males per ha"
"PIWA","Pine Warbler","Paruline des pins","Setophaga pinus","Conif",0.000409556884916801,4.60579625021054e-05,0.00073029766667318,"males per ha"
"PIWA","Pine Warbler","Paruline des pins","Setophaga pinus","Decid",2.78461150020867e-05,5.36077068602628e-07,0.000144587678662531,"males per ha"
"PIWA","Pine Warbler","Paruline des pins","Setophaga pinus","Grass",5.05992325763655e-08,4.24638715358506e-09,1.02146000372025e-07,"males per ha"
"PIWA","Pine Warbler","Paruline des pins","Setophaga pinus","Mixed",0.000191027689750439,1.42407674334437e-05,0.000316271165297933,"males per ha"
"PIWA","Pine Warbler","Paruline des pins","Setophaga pinus","Wet",0.000642045170734493,7.41486617600816e-05,0.0012110879477506,"males per ha"
"PIWO","Pileated Woodpecker","Grand Pic","Dryocopus pileatus","Conif",0.0055480101499982,0.00442175349711624,0.0063977851235563,"males per ha"
"PIWO","Pileated Woodpecker","Grand Pic","Dryocopus pileatus","Decid",0.000357842778845511,5.53646364778686e-05,0.00112126900550607,"males per ha"
"PIWO","Pileated Woodpecker","Grand Pic","Dryocopus pileatus","Grass",7.97105213146805e-07,3.72129563122126e-07,1.35366847844486e-06,"males per ha"
"PIWO","Pileated Woodpecker","Grand Pic","Dryocopus pileatus","Mixed",0.00284134161570461,0.00167169987712927,0.00368402184867081,"males per ha"
"PIWO","Pileated Woodpecker","Grand Pic","Dryocopus pileatus","Wet",0.00854023089017722,0.00736972649690024,0.00941826303063553,"males per ha"
"PUFI","Purple Finch","Roselin pourpr&eacute;","Carpodacus purpureus","Conif",0.0337466817811971,0.0223168356601536,0.0488811043574962,"males per ha"
"PUFI","Purple Finch","Roselin pourpr&eacute;","Carpodacus purpureus","Decid",0.0176946369786766,0.000615173673710109,0.0484049810822177,"males per ha"
"PUFI","Purple Finch","Roselin pourpr&eacute;","Carpodacus purpureus","Grass",4.64367844007898e-06,3.34085940005943e-06,6.59423651080649e-06,"males per ha"
"PUFI","Purple Finch","Roselin pourpr&eacute;","Carpodacus purpureus","Mixed",0.0258017872295964,0.0106983256855955,0.0493701656499298,"males per ha"
"PUFI","Purple Finch","Roselin pourpr&eacute;","Carpodacus purpureus","Wet",0.0442453203539492,0.0350443750048579,0.052804604847638,"males per ha"
"RBGR","Rose-breasted Grosbeak","Cardinal &agrave; poitrine rose","Pheucticus ludovicianus","Conif",0.00611051103128352,0.00480079159820688,0.00730465859491998,"males per ha"
"RBGR","Rose-breasted Grosbeak","Cardinal &agrave; poitrine rose","Pheucticus ludovicianus","Decid",0.000382170256329,5.72653493322637e-05,0.00107717456848288,"males per ha"
"RBGR","Rose-breasted Grosbeak","Cardinal &agrave; poitrine rose","Pheucticus ludovicianus","Grass",7.96157227524184e-07,6.6500469521492e-07,9.21223267429506e-07,"males per ha"
"RBGR","Rose-breasted Grosbeak","Cardinal &agrave; poitrine rose","Pheucticus ludovicianus","Mixed",0.00312835909467648,0.00182941417050781,0.00404392451010804,"males per ha"
"RBGR","Rose-breasted Grosbeak","Cardinal &agrave; poitrine rose","Pheucticus ludovicianus","Wet",0.00962286789458454,0.00793718046385997,0.0113562040775292,"males per ha"
"RBNU","Red-breasted Nuthatch","Sittelle &agrave; poitrine rousse","Sitta canadensis","Conif",0.0524158828843899,0.0456019782551761,0.0598780457837069,"males per ha"
"RBNU","Red-breasted Nuthatch","Sittelle &agrave; poitrine rousse","Sitta canadensis","Decid",0.021701505660157,0.0163144761982423,0.027236881095454,"males per ha"
"RBNU","Red-breasted Nuthatch","Sittelle &agrave; poitrine rousse","Sitta canadensis","Grass",4.32746498764553e-06,3.68852675745523e-06,4.92718791942827e-06,"males per ha"
"RBNU","Red-breasted Nuthatch","Sittelle &agrave; poitrine rousse","Sitta canadensis","Mixed",0.032095096603295,0.0247960039070464,0.0387846553908216,"males per ha"
"RBNU","Red-breasted Nuthatch","Sittelle &agrave; poitrine rousse","Sitta canadensis","Wet",0.0570795085764393,0.0523285744438858,0.0629458669502317,"males per ha"
"RCKI","Ruby-crowned Kinglet","Roitelet &agrave; couronne rubis","Regulus calendula","Conif",0.309821125279411,0.290871733012702,0.327324827601408,"males per ha"
"RCKI","Ruby-crowned Kinglet","Roitelet &agrave; couronne rubis","Regulus calendula","Decid",0.272866369385481,0.241638517184732,0.294738505257833,"males per ha"
"RCKI","Ruby-crowned Kinglet","Roitelet &agrave; couronne rubis","Regulus calendula","Grass",1.19586459512514e-05,1.04671938502414e-05,1.36523796257617e-05,"males per ha"
"RCKI","Ruby-crowned Kinglet","Roitelet &agrave; couronne rubis","Regulus calendula","Mixed",0.288273698592878,0.269715984327262,0.316980448004101,"males per ha"
"RCKI","Ruby-crowned Kinglet","Roitelet &agrave; couronne rubis","Regulus calendula","Wet",0.274094200262785,0.256851438555376,0.289912129417062,"males per ha"
"RECR","Red Crossbill","Bec-crois&eacute; des sapins","Loxia curvirostra","Conif",0.00034908725071054,3.92482219920224e-07,0.00107391170369441,"males per ha"
"RECR","Red Crossbill","Bec-crois&eacute; des sapins","Loxia curvirostra","Decid",0.000248509461881325,2.44907659575529e-12,0.00193511131439001,"males per ha"
"RECR","Red Crossbill","Bec-crois&eacute; des sapins","Loxia curvirostra","Grass",2.20758610654994e-08,1.10679352036375e-14,9.8040607767403e-08,"males per ha"
"RECR","Red Crossbill","Bec-crois&eacute; des sapins","Loxia curvirostra","Mixed",0.000275881128875779,9.42900936767574e-08,0.00159416916562617,"males per ha"
"RECR","Red Crossbill","Bec-crois&eacute; des sapins","Loxia curvirostra","Wet",0.000311679027552864,8.02802019392011e-09,0.00120363817033748,"males per ha"
"REVI","Red-eyed Vireo","Vir&eacute;o aux yeux rouges","Vireo olivaceus","Conif",0.157667332915381,0.144042591224747,0.171494305198929,"males per ha"
"REVI","Red-eyed Vireo","Vir&eacute;o aux yeux rouges","Vireo olivaceus","Decid",0.0370289474323875,0.0298748788147061,0.0447915885191737,"males per ha"
"REVI","Red-eyed Vireo","Vir&eacute;o aux yeux rouges","Vireo olivaceus","Grass",0.00372197483759127,1.58771676412113e-05,1.95426436177104e-05,"males per ha"
"REVI","Red-eyed Vireo","Vir&eacute;o aux yeux rouges","Vireo olivaceus","Mixed",0.095472901016835,0.075560706501171,0.108712892883861,"males per ha"
"REVI","Red-eyed Vireo","Vir&eacute;o aux yeux rouges","Vireo olivaceus","Wet",0.223418225138448,0.199372567547442,0.242123954393432,"males per ha"
"RTHU","Ruby-throated Hummingbird","Colibri &agrave; gorge rubis","Archilochus colubris","Conif",0.00956051598906795,0.00448979342166604,0.015084606035904,"males per ha"
"RTHU","Ruby-throated Hummingbird","Colibri &agrave; gorge rubis","Archilochus colubris","Decid",0.00248238876216927,7.47923269360782e-05,0.0117602086867748,"males per ha"
"RTHU","Ruby-throated Hummingbird","Colibri &agrave; gorge rubis","Archilochus colubris","Grass",1.10650362570504e-06,6.15049588537718e-07,1.73579437427648e-06,"males per ha"
"RTHU","Ruby-throated Hummingbird","Colibri &agrave; gorge rubis","Archilochus colubris","Mixed",0.00588427026451656,0.0022784426634008,0.0141690494105566,"males per ha"
"RTHU","Ruby-throated Hummingbird","Colibri &agrave; gorge rubis","Archilochus colubris","Wet",0.0136426282538555,0.00797570979859781,0.0213871109284923,"males per ha"
"RUBL","Rusty Blackbird","Quiscale rouilleux","Euphagus carolinus","Conif",0.0128395569701139,0.00861735820913636,0.0182584910344656,"males per ha"
"RUBL","Rusty Blackbird","Quiscale rouilleux","Euphagus carolinus","Decid",0.0320574307917977,0.0168027253836711,0.0465524232822281,"males per ha"
"RUBL","Rusty Blackbird","Quiscale rouilleux","Euphagus carolinus","Grass",1.13064097372114e-07,5.78796145313135e-09,1.72271504446492e-07,"males per ha"
"RUBL","Rusty Blackbird","Quiscale rouilleux","Euphagus carolinus","Mixed",0.0170224378522877,0.0116471781050726,0.025185611857856,"males per ha"
"RUBL","Rusty Blackbird","Quiscale rouilleux","Euphagus carolinus","Wet",0.00402441346447488,0.00227020384080964,0.00642122231310147,"males per ha"
"RUGR","Ruffed Grouse","G&eacute;linotte hupp&eacute;e","Bonasa umbellus","Conif",0.00864764355256092,0.00701222211342013,0.0102001680067858,"males per ha"
"RUGR","Ruffed Grouse","G&eacute;linotte hupp&eacute;e","Bonasa umbellus","Decid",0.00231736825601339,0.000873316358341381,0.00368338077141737,"males per ha"
"RUGR","Ruffed Grouse","G&eacute;linotte hupp&eacute;e","Bonasa umbellus","Grass",9.59139876157244e-07,7.51775963808341e-07,1.17124372501978e-06,"males per ha"
"RUGR","Ruffed Grouse","G&eacute;linotte hupp&eacute;e","Bonasa umbellus","Mixed",0.00515014514222159,0.00362599849442614,0.00693972463035477,"males per ha"
"RUGR","Ruffed Grouse","G&eacute;linotte hupp&eacute;e","Bonasa umbellus","Wet",0.0119359414593087,0.0103522060066642,0.013921942741352,"males per ha"
"RWBL","Red-winged Blackbird","Carouge &agrave; &eacute;paulettes","Agelaius phoeniceus","Conif",0.0222705263336693,0.0197649464829604,0.0251035512679389,"males per ha"
"RWBL","Red-winged Blackbird","Carouge &agrave; &eacute;paulettes","Agelaius phoeniceus","Decid",0.00374364379278827,0.00211833314263808,0.0056663679170729,"males per ha"
"RWBL","Red-winged Blackbird","Carouge &agrave; &eacute;paulettes","Agelaius phoeniceus","Grass",2.69162295497306e-06,1.99673497787858e-06,3.08973099118565e-06,"males per ha"
"RWBL","Red-winged Blackbird","Carouge &agrave; &eacute;paulettes","Agelaius phoeniceus","Mixed",0.0125569821318221,0.00893738383645902,0.0159473421733973,"males per ha"
"RWBL","Red-winged Blackbird","Carouge &agrave; &eacute;paulettes","Agelaius phoeniceus","Wet",0.0335726222937826,0.0305789766002937,0.0369912839421728,"males per ha"
"SAVS","Savannah Sparrow","Bruant des pr&eacute;s","Passerculus sandwichensis","Conif",0.0713788059111452,0.0541061845400933,0.0933583605476769,"males per ha"
"SAVS","Savannah Sparrow","Bruant des pr&eacute;s","Passerculus sandwichensis","Decid",0.227675749809613,0.137245728992645,0.361355586930118,"males per ha"
"SAVS","Savannah Sparrow","Bruant des pr&eacute;s","Passerculus sandwichensis","Grass",3.11543135398464e-06,2.08619051769659e-06,4.27203033633776e-06,"males per ha"
"SAVS","Savannah Sparrow","Bruant des pr&eacute;s","Passerculus sandwichensis","Mixed",0.0857451125421468,0.0683801458164685,0.109537116317241,"males per ha"
"SAVS","Savannah Sparrow","Bruant des pr&eacute;s","Passerculus sandwichensis","Wet",0.0303838514834787,0.0269072330673767,0.0339124853279471,"males per ha"
"SCTA","Scarlet Tanager","Piranga &eacute;carlate","Piranga olivacea","Conif",0.000486623099093268,0.000292301129726929,0.00075188230085879,"males per ha"
"SCTA","Scarlet Tanager","Piranga &eacute;carlate","Piranga olivacea","Decid",1.66244718229848e-05,3.91112102724849e-06,4.16602175681293e-05,"males per ha"
"SCTA","Scarlet Tanager","Piranga &eacute;carlate","Piranga olivacea","Grass",1.18323914097215e-05,3.54386424784926e-08,1.08451398543829e-07,"males per ha"
"SCTA","Scarlet Tanager","Piranga &eacute;carlate","Piranga olivacea","Mixed",0.000237080314271796,0.000112169439500399,0.000373132719650733,"males per ha"
"SCTA","Scarlet Tanager","Piranga &eacute;carlate","Piranga olivacea","Wet",0.000767900429068748,0.000467832077591492,0.00119497372751673,"males per ha"
"SEWR","Sedge Wren","Troglodyte &agrave; bec court","Cistothorus platensis","Conif",0.00194923573463944,0.00142643458421797,0.00246990414604845,"males per ha"
"SEWR","Sedge Wren","Troglodyte &agrave; bec court","Cistothorus platensis","Decid",5.61462359900298e-05,1.49180963660355e-05,0.000135961051445794,"males per ha"
"SEWR","Sedge Wren","Troglodyte &agrave; bec court","Cistothorus platensis","Grass",2.6437319674166e-07,2.13399518352394e-07,3.46151532459489e-07,"males per ha"
"SEWR","Sedge Wren","Troglodyte &agrave; bec court","Cistothorus platensis","Mixed",0.000923808671345321,0.000463450705870557,0.00134258636895081,"males per ha"
"SEWR","Sedge Wren","Troglodyte &agrave; bec court","Cistothorus platensis","Wet",0.00314803080545125,0.00242218831040564,0.00399569172715378,"males per ha"
"SOSA","Solitary Sandpiper","Chevalier solitaire","Tringa solitaria","Conif",0.00371983456481444,0.00086987906113912,0.0059917510719315,"males per ha"
"SOSA","Solitary Sandpiper","Chevalier solitaire","Tringa solitaria","Decid",0.00764342382066182,0.000703663308406002,0.0134692126525621,"males per ha"
"SOSA","Solitary Sandpiper","Chevalier solitaire","Tringa solitaria","Grass",3.89346389644578e-08,1.24928433193677e-12,9.5093966841326e-08,"males per ha"
"SOSA","Solitary Sandpiper","Chevalier solitaire","Tringa solitaria","Mixed",0.00550510875658967,0.000790094057662522,0.00873525097676914,"males per ha"
"SOSA","Solitary Sandpiper","Chevalier solitaire","Tringa solitaria","Wet",0.00162187645663827,0.00051289322239203,0.00276999149582071,"males per ha"
"SOSP","Song Sparrow","Bruant chanteur","Melospiza melodia","Conif",0.0368660164195285,0.0330795275257295,0.0419344288854966,"males per ha"
"SOSP","Song Sparrow","Bruant chanteur","Melospiza melodia","Decid",0.00868124127522757,0.00455999145214593,0.013582011059787,"males per ha"
"SOSP","Song Sparrow","Bruant chanteur","Melospiza melodia","Grass",9.1244564016929e-06,6.60418166109692e-06,1.2151057784004e-05,"males per ha"
"SOSP","Song Sparrow","Bruant chanteur","Melospiza melodia","Mixed",0.024672708530084,0.0165593952254078,0.0333639630581418,"males per ha"
"SOSP","Song Sparrow","Bruant chanteur","Melospiza melodia","Wet",0.0583403594875817,0.0524852091713642,0.0655957530930552,"males per ha"
"SPSA","Spotted Sandpiper","Chevalier grivel&eacute;","Actitis macularius","Conif",0.00298031175924647,0.00130358640192973,0.00530390006733192,"males per ha"
"SPSA","Spotted Sandpiper","Chevalier grivel&eacute;","Actitis macularius","Decid",0.00336516483124165,0.000249900354588486,0.00714355794832237,"males per ha"
"SPSA","Spotted Sandpiper","Chevalier grivel&eacute;","Actitis macularius","Grass",1.72986616072733e-07,1.12753251504631e-07,2.50317168251601e-07,"males per ha"
"SPSA","Spotted Sandpiper","Chevalier grivel&eacute;","Actitis macularius","Mixed",0.00312757112419684,0.000707092652232993,0.00641790390804049,"males per ha"
"SPSA","Spotted Sandpiper","Chevalier grivel&eacute;","Actitis macularius","Wet",0.00269278116887834,0.00155685828894001,0.0038113687702729,"males per ha"
"SWSP","Swamp Sparrow","Bruant des marais","Melospiza georgiana","Conif",0.0681939463600024,0.0601112721042591,0.0804042382603373,"males per ha"
"SWSP","Swamp Sparrow","Bruant des marais","Melospiza georgiana","Decid",0.0771167937938134,0.0610233476848572,0.105749866822403,"males per ha"
"SWSP","Swamp Sparrow","Bruant des marais","Melospiza georgiana","Grass",4.37512316905988e-06,3.81059154819995e-06,4.94609222519595e-06,"males per ha"
"SWSP","Swamp Sparrow","Bruant des marais","Melospiza georgiana","Mixed",0.0739280443202008,0.0618032547189939,0.0907289364349884,"males per ha"
"SWSP","Swamp Sparrow","Bruant des marais","Melospiza georgiana","Wet",0.063100252727718,0.0571362275728422,0.0705421772720509,"males per ha"
"SWTH","Swainson's Thrush","Grive &agrave; dos olive","Catharus ustulatus","Conif",0.196161789643924,0.180215956956806,0.220470213107439,"males per ha"
"SWTH","Swainson's Thrush","Grive &agrave; dos olive","Catharus ustulatus","Decid",0.143767725404916,0.128896479451588,0.160520751892412,"males per ha"
"SWTH","Swainson's Thrush","Grive &agrave; dos olive","Catharus ustulatus","Grass",1.255185436451e-05,1.11952878733974e-05,1.37949967747267e-05,"males per ha"
"SWTH","Swainson's Thrush","Grive &agrave; dos olive","Catharus ustulatus","Mixed",0.167101816568087,0.151481690452274,0.185539610238806,"males per ha"
"SWTH","Swainson's Thrush","Grive &agrave; dos olive","Catharus ustulatus","Wet",0.193114681866439,0.180104331665838,0.211691424830477,"males per ha"
"TEWA","Tennessee Warbler","Paruline obscure","Oreothlypis peregrina","Conif",0.134426918845476,0.123989463032394,0.148339926892616,"males per ha"
"TEWA","Tennessee Warbler","Paruline obscure","Oreothlypis peregrina","Decid",0.138174550037986,0.118001357209774,0.159194304574859,"males per ha"
"TEWA","Tennessee Warbler","Paruline obscure","Oreothlypis peregrina","Grass",6.90810924672288e-06,5.88847433699012e-06,7.78499261823833e-06,"males per ha"
"TEWA","Tennessee Warbler","Paruline obscure","Oreothlypis peregrina","Mixed",0.14007402546008,0.125810940638264,0.157100974984167,"males per ha"
"TEWA","Tennessee Warbler","Paruline obscure","Oreothlypis peregrina","Wet",0.110608369084941,0.095996403484497,0.123157395164865,"males per ha"
"TRES","Tree Swallow","Hirondelle bicolore","Tachycineta bicolor","Conif",0.0437429258262545,0.0356321726246715,0.0516145502354937,"males per ha"
"TRES","Tree Swallow","Hirondelle bicolore","Tachycineta bicolor","Decid",0.0659487307321591,0.0501722773217312,0.0807500558382226,"males per ha"
"TRES","Tree Swallow","Hirondelle bicolore","Tachycineta bicolor","Grass",5.4423713005793e-06,3.41420737320791e-06,8.61931978042294e-06,"males per ha"
"TRES","Tree Swallow","Hirondelle bicolore","Tachycineta bicolor","Mixed",0.0556448027897821,0.0438398171346439,0.0668587404075948,"males per ha"
"TRES","Tree Swallow","Hirondelle bicolore","Tachycineta bicolor","Wet",0.0313676765542333,0.0261311699099146,0.0390370307556649,"males per ha"
"VEER","Veery","Grive fauve","Catharus fuscescens","Conif",0.023548999968468,0.0205353361289426,0.0273736559806284,"males per ha"
"VEER","Veery","Grive fauve","Catharus fuscescens","Decid",0.00231158368255093,0.000740283828014335,0.00475438957399494,"males per ha"
"VEER","Veery","Grive fauve","Catharus fuscescens","Grass",3.52670942091333e-06,2.6469225715865e-06,4.08679402048224e-06,"males per ha"
"VEER","Veery","Grive fauve","Catharus fuscescens","Mixed",0.0130538907073216,0.00877658407412446,0.0173837460169653,"males per ha"
"VEER","Veery","Grive fauve","Catharus fuscescens","Wet",0.0359568847695304,0.0326155480627934,0.0407243207263103,"males per ha"
"VESP","Vesper Sparrow","Bruant vesp&eacute;ral","Pooecetes gramineus","Conif",0.000699408787318153,0.000432128023709003,0.00092939397905136,"males per ha"
"VESP","Vesper Sparrow","Bruant vesp&eacute;ral","Pooecetes gramineus","Decid",9.96264954717975e-05,9.40975654023416e-06,0.000392513539870023,"males per ha"
"VESP","Vesper Sparrow","Bruant vesp&eacute;ral","Pooecetes gramineus","Grass",8.91770937054214e-08,5.69411156553516e-08,1.13494077298139e-07,"males per ha"
"VESP","Vesper Sparrow","Bruant vesp&eacute;ral","Pooecetes gramineus","Mixed",0.000430153831697477,0.000217118331864598,0.000732599685036788,"males per ha"
"VESP","Vesper Sparrow","Bruant vesp&eacute;ral","Pooecetes gramineus","Wet",0.00109076926456799,0.000720222272335772,0.00134345786315714,"males per ha"
"WAVI","Warbling Vireo","Vir&eacute;o m&eacute;lodieux","Vireo gilvus","Conif",0.000331150079885831,1.67695129727848e-05,0.000743581881405289,"males per ha"
"WAVI","Warbling Vireo","Vir&eacute;o m&eacute;lodieux","Vireo gilvus","Decid",1.3044175377391e-05,5.29555454671258e-08,4.5072969902051e-05,"males per ha"
"WAVI","Warbling Vireo","Vir&eacute;o m&eacute;lodieux","Vireo gilvus","Grass",4.20694932650184e-08,3.11139974580892e-11,9.77458792307421e-08,"males per ha"
"WAVI","Warbling Vireo","Vir&eacute;o m&eacute;lodieux","Vireo gilvus","Mixed",0.000160501096666548,2.44177650394564e-06,0.000377676319109481,"males per ha"
"WAVI","Warbling Vireo","Vir&eacute;o m&eacute;lodieux","Vireo gilvus","Wet",0.000513484190193347,3.66929533177336e-07,0.00117466151411104,"males per ha"
"WBNU","White-breasted Nuthatch","Sittelle &agrave; poitrine blanche","Sitta carolinensis","Conif",0.00133013436530335,0.000807913242971771,0.00192437378337006,"males per ha"
"WBNU","White-breasted Nuthatch","Sittelle &agrave; poitrine blanche","Sitta carolinensis","Decid",4.65071904335695e-05,1.03056870503064e-05,0.000130652810038285,"males per ha"
"WBNU","White-breasted Nuthatch","Sittelle &agrave; poitrine blanche","Sitta carolinensis","Grass",1.73382892746164e-07,9.07668766932556e-08,2.37251550502449e-07,"males per ha"
"WBNU","White-breasted Nuthatch","Sittelle &agrave; poitrine blanche","Sitta carolinensis","Mixed",0.000661219330302047,0.000310866715233715,0.00100852601961362,"males per ha"
"WBNU","White-breasted Nuthatch","Sittelle &agrave; poitrine blanche","Sitta carolinensis","Wet",0.00211354524801364,0.00120579680547032,0.00294736704480466,"males per ha"
"WCSP","White-crowned Sparrow","Bruant &agrave; couronne blanche","Zonotrichia leucophrys","Conif",0.0160878317097117,0.0131674383995288,0.0209236052626043,"males per ha"
"WCSP","White-crowned Sparrow","Bruant &agrave; couronne blanche","Zonotrichia leucophrys","Decid",0.0562031348074589,0.0421799884450186,0.082772210709388,"males per ha"
"WCSP","White-crowned Sparrow","Bruant &agrave; couronne blanche","Zonotrichia leucophrys","Grass",6.27819970160108e-08,4.73467196236697e-14,3.20721057534831e-07,"males per ha"
"WCSP","White-crowned Sparrow","Bruant &agrave; couronne blanche","Zonotrichia leucophrys","Mixed",0.0250361067056897,0.0182959411043579,0.0333143895974548,"males per ha"
"WCSP","White-crowned Sparrow","Bruant &agrave; couronne blanche","Zonotrichia leucophrys","Wet",0.00410982092910517,0.00193456213333535,0.0061118821319169,"males per ha"
"WIPT","Willow Ptarmigan","Lagop&egrave;de des saules","Lagopus lagopus","Conif",1.33417741412365e-05,2.57242544320351e-08,9.24248181738824e-05,"males per ha"
"WIPT","Willow Ptarmigan","Lagop&egrave;de des saules","Lagopus lagopus","Decid",4.62286821638325e-05,7.31957916127139e-08,0.000307315148746466,"males per ha"
"WIPT","Willow Ptarmigan","Lagop&egrave;de des saules","Lagopus lagopus","Grass",0,0,0,"males per ha"
"WIPT","Willow Ptarmigan","Lagop&egrave;de des saules","Lagopus lagopus","Mixed",8.63232396389706e-06,3.867761288661e-08,4.61457603243801e-05,"males per ha"
"WIPT","Willow Ptarmigan","Lagop&egrave;de des saules","Lagopus lagopus","Wet",2.20487519433772e-11,4.34107988291819e-12,6.43919358144306e-11,"males per ha"
"WISN","Wilson's Snipe","B&eacute;cassine de Wilson","Gallinago delicata","Conif",0.0196157504008848,0.0163845433867221,0.0226063774334989,"males per ha"
"WISN","Wilson's Snipe","B&eacute;cassine de Wilson","Gallinago delicata","Decid",0.0376925412118014,0.0268991950644693,0.0498993467660378,"males per ha"
"WISN","Wilson's Snipe","B&eacute;cassine de Wilson","Gallinago delicata","Grass",8.09966670055462e-07,6.97442501758793e-07,9.78900213364178e-07,"males per ha"
"WISN","Wilson's Snipe","B&eacute;cassine de Wilson","Gallinago delicata","Mixed",0.0234705905614336,0.0184169081483823,0.0279451856757414,"males per ha"
"WISN","Wilson's Snipe","B&eacute;cassine de Wilson","Gallinago delicata","Wet",0.0131228238713292,0.0114750104235817,0.0146798695255677,"males per ha"
"WIWA","Wilson's Warbler","Paruline &agrave; calotte noire","Cardellina pusilla","Conif",0.0567356713834716,0.0485744379438161,0.0647078909665535,"males per ha"
"WIWA","Wilson's Warbler","Paruline &agrave; calotte noire","Cardellina pusilla","Decid",0.0735938687506777,0.0595865324326498,0.0915688259403162,"males per ha"
"WIWA","Wilson's Warbler","Paruline &agrave; calotte noire","Cardellina pusilla","Grass",2.49511313168139e-06,1.99059317079568e-06,3.20808809273891e-06,"males per ha"
"WIWA","Wilson's Warbler","Paruline &agrave; calotte noire","Cardellina pusilla","Mixed",0.066838398639874,0.0560467536235648,0.0782319781081982,"males per ha"
"WIWA","Wilson's Warbler","Paruline &agrave; calotte noire","Cardellina pusilla","Wet",0.050878982595529,0.0414991684598747,0.06130853536546,"males per ha"
"WIWR","Winter Wren","Troglodyte des for&ecirc;ts","Troglodytes hiemalis","Conif",0.0746671147368675,0.0649812485802136,0.084656336748302,"males per ha"
"WIWR","Winter Wren","Troglodyte des for&ecirc;ts","Troglodytes hiemalis","Decid",0.039702649578071,0.0337721944375073,0.0463041154294703,"males per ha"
"WIWR","Winter Wren","Troglodyte des for&ecirc;ts","Troglodytes hiemalis","Grass",5.55599758299235e-06,4.91259374714219e-06,6.26737542840085e-06,"males per ha"
"WIWR","Winter Wren","Troglodyte des for&ecirc;ts","Troglodytes hiemalis","Mixed",0.0636332841310762,0.0536197605701575,0.0746424192560682,"males per ha"
"WIWR","Winter Wren","Troglodyte des for&ecirc;ts","Troglodytes hiemalis","Wet",0.0826344839999337,0.0741588102260879,0.0925534461484861,"males per ha"
"WOTH","Wood Thrush","Grive des bois","Hylocichla mustelina","Conif",0.000145204846137878,5.36879806911494e-05,0.000214754804138636,"males per ha"
"WOTH","Wood Thrush","Grive des bois","Hylocichla mustelina","Decid",3.47260211145983e-06,6.86694499313341e-07,8.69674926927867e-06,"males per ha"
"WOTH","Wood Thrush","Grive des bois","Hylocichla mustelina","Grass",1.87953194255918e-08,7.08634988899242e-09,2.70094137304578e-08,"males per ha"
"WOTH","Wood Thrush","Grive des bois","Hylocichla mustelina","Mixed",6.68367776811815e-05,2.29114424422782e-05,0.000114005463606402,"males per ha"
"WOTH","Wood Thrush","Grive des bois","Hylocichla mustelina","Wet",0.000226837941143761,8.26554684729411e-05,0.000326719145422987,"males per ha"
"WTSP","White-throated Sparrow","Bruant &agrave; gorge blanche","Zonotrichia albicollis","Conif",0.392292624041749,0.366175937360564,0.42135081497755,"males per ha"
"WTSP","White-throated Sparrow","Bruant &agrave; gorge blanche","Zonotrichia albicollis","Decid",0.294448027993233,0.258272967538653,0.320727779184025,"males per ha"
"WTSP","White-throated Sparrow","Bruant &agrave; gorge blanche","Zonotrichia albicollis","Grass",3.39002924454834e-05,2.99594586194237e-05,4.07549681331552e-05,"males per ha"
"WTSP","White-throated Sparrow","Bruant &agrave; gorge blanche","Zonotrichia albicollis","Mixed",0.315156478686829,0.275891555507161,0.348847107077749,"males per ha"
"WTSP","White-throated Sparrow","Bruant &agrave; gorge blanche","Zonotrichia albicollis","Wet",0.416554635706134,0.383958658910999,0.449476866347845,"males per ha"
"WWCR","White-winged Crossbill","Bec-crois&eacute; bifasci&eacute;","Loxia leucoptera","Conif",0.292562777975547,0.225553918991351,0.34590172638151,"males per ha"
"WWCR","White-winged Crossbill","Bec-crois&eacute; bifasci&eacute;","Loxia leucoptera","Decid",0.461377965885329,0.352047081903657,0.574145508845613,"males per ha"
"WWCR","White-winged Crossbill","Bec-crois&eacute; bifasci&eacute;","Loxia leucoptera","Grass",5.81550879269412e-06,4.21451135233795e-06,7.46532064718476e-06,"males per ha"
"WWCR","White-winged Crossbill","Bec-crois&eacute; bifasci&eacute;","Loxia leucoptera","Mixed",0.387847987562499,0.285392211107159,0.486822092879887,"males per ha"
"WWCR","White-winged Crossbill","Bec-crois&eacute; bifasci&eacute;","Loxia leucoptera","Wet",0.173446949385456,0.136935391981415,0.222113420240682,"males per ha"
"YBFL","Yellow-bellied Flycatcher","Moucherolle &agrave; ventre jaune","Empidonax flaviventris","Conif",0.0835951514409239,0.0734465251116116,0.092421645166556,"males per ha"
"YBFL","Yellow-bellied Flycatcher","Moucherolle &agrave; ventre jaune","Empidonax flaviventris","Decid",0.0713265385013098,0.0601245868811389,0.0837400124425428,"males per ha"
"YBFL","Yellow-bellied Flycatcher","Moucherolle &agrave; ventre jaune","Empidonax flaviventris","Grass",0.000972796007182146,4.87987284119306e-06,6.91315541049638e-06,"males per ha"
"YBFL","Yellow-bellied Flycatcher","Moucherolle &agrave; ventre jaune","Empidonax flaviventris","Mixed",0.0772807787945675,0.0666672087300837,0.0879455215965573,"males per ha"
"YBFL","Yellow-bellied Flycatcher","Moucherolle &agrave; ventre jaune","Empidonax flaviventris","Wet",0.085607621638292,0.0736443692870265,0.095434015764631,"males per ha"
"YBSA","Yellow-bellied Sapsucker","Pic macul&eacute;","Sphyrapicus varius","Conif",0.032496017884146,0.0277874320710033,0.0374977151113323,"males per ha"
"YBSA","Yellow-bellied Sapsucker","Pic macul&eacute;","Sphyrapicus varius","Decid",0.00920129905933282,0.00495537646230601,0.014141735500935,"males per ha"
"YBSA","Yellow-bellied Sapsucker","Pic macul&eacute;","Sphyrapicus varius","Grass",3.83666552729717e-06,3.4818975313137e-06,4.27186992944913e-06,"males per ha"
"YBSA","Yellow-bellied Sapsucker","Pic macul&eacute;","Sphyrapicus varius","Mixed",0.0204322863995881,0.0136953088906843,0.0260070517658795,"males per ha"
"YBSA","Yellow-bellied Sapsucker","Pic macul&eacute;","Sphyrapicus varius","Wet",0.0460652025402618,0.0421058394235393,0.0524083433132763,"males per ha"
"YEWA","Yellow Warbler","Paruline jaune","Setophaga petechia","Conif",0.114785940922709,0.0999787946812003,0.129105603847046,"males per ha"
"YEWA","Yellow Warbler","Paruline jaune","Setophaga petechia","Decid",0.216712030034578,0.168518929090689,0.266854636283508,"males per ha"
"YEWA","Yellow Warbler","Paruline jaune","Setophaga petechia","Grass",4.48458430951043e-06,3.59586509599136e-06,6.93110344492032e-06,"males per ha"
"YEWA","Yellow Warbler","Paruline jaune","Setophaga petechia","Mixed",0.147198250936558,0.120912629259692,0.170252104183241,"males per ha"
"YEWA","Yellow Warbler","Paruline jaune","Setophaga petechia","Wet",0.0690160572211179,0.0606548508360635,0.0766451278764957,"males per ha"
"YRWA","Yellow-rumped Warbler","Paruline &agrave; croupion jaune","Setophaga coronata","Conif",0.380542700376544,0.358928204419793,0.416082759153186,"males per ha"
"YRWA","Yellow-rumped Warbler","Paruline &agrave; croupion jaune","Setophaga coronata","Decid",0.358989843331582,0.319194018421941,0.419132491017355,"males per ha"
"YRWA","Yellow-rumped Warbler","Paruline &agrave; croupion jaune","Setophaga coronata","Grass",2.0217419714688e-05,1.80955972919578e-05,2.27185538786562e-05,"males per ha"
"YRWA","Yellow-rumped Warbler","Paruline &agrave; croupion jaune","Setophaga coronata","Mixed",0.330705747457218,0.301044334558227,0.35720856984335,"males per ha"
"YRWA","Yellow-rumped Warbler","Paruline &agrave; croupion jaune","Setophaga coronata","Wet",0.309897071734619,0.284689824395171,0.33732876033977,"males per ha"
"YTVI","Yellow-throated Vireo","Vir&eacute;o &agrave; gorge jaune","Vireo flavifrons","Conif",0.000497749616707846,0.000179714531811319,0.00103452007953254,"males per ha"
"YTVI","Yellow-throated Vireo","Vir&eacute;o &agrave; gorge jaune","Vireo flavifrons","Decid",0.000646990457074677,2.9700112321433e-06,0.00169562003477739,"males per ha"
"YTVI","Yellow-throated Vireo","Vir&eacute;o &agrave; gorge jaune","Vireo flavifrons","Grass",2.46362011883439e-08,5.72541466931302e-09,4.26258417103051e-08,"males per ha"
"YTVI","Yellow-throated Vireo","Vir&eacute;o &agrave; gorge jaune","Vireo flavifrons","Mixed",0.000578783557353198,8.10306982504001e-05,0.00135367781986549,"males per ha"
"YTVI","Yellow-throated Vireo","Vir&eacute;o &agrave; gorge jaune","Vireo flavifrons","Wet",0.000405863851339971,0.000173032805228844,0.000626387871582334,"males per ha"
